time_step,com_x,com_y,com_z,lf_x,lf_y,lf_z,rf_x,rf_y,rf_z
0.0,0.0,0.0,0.45,0.0,0.1,0.0,0.0,-0.1,0.0
0.01,0.0,0.0037368348638028015,0.45,0.0,0.1,0.0,-6.1983005581153465e-06,-0.0962631651361972,0.0015680000000000138
0.02,0.0,0.007263777901416149,0.45,0.0,0.1,0.0,-2.4768740371892494e-05,-0.09273622209858386,0.003072000000000019
0.03,0.0,0.010588519245550487,0.45,0.0,0.1,0.0,-5.563803039941372e-05,-0.08941148075444952,0.004512000000000016
0.04,0.0,0.013718308149140171,0.45,0.0,0.1,0.0,-9.868434365577761e-05,-0.08628169185085983,0.005888000000000004
0.05,0.0,0.016659968791585766,0.45,0.0,0.1,0.0,-0.00015373779600855067,-0.08334003120841424,0.007199999999999984
0.06,0.0,0.019419915158168197,0.45,0.0,0.1,0.0,-0.00022058111663282674,-0.08058008484183181,0.008448000000000011
0.07,0.0,0.022004165025076766,0.45,0.0,0.1,0.0,-0.0002989505054799101,-0.07799583497492324,0.009631999999999974
0.08,0.0,0.02441835308054481,0.45,0.0,0.1,0.0,-0.0003885366743755892,-0.0755816469194552,0.010751999999999984
0.09,0.0,0.026667743210701672,0.45,0.0,0.1,0.0,-0.0004889860676392607,-0.07333225678929833,0.011807999999999985
0.1,0.0,0.028757239976929277,0.45,0.0,0.1,0.0,-0.0005999022574066751,-0.07124276002307073,0.012799999999999978
0.11,0.0,0.03069139930974854,0.45,0.0,0.1,0.0,-0.0007208475081496073,-0.06930860069025147,0.013728000000000018
0.12,0.0,0.03247443844255224,0.45,0.0,0.1,0.0,-0.0008513445042180047,-0.06752556155744777,0.014591999999999994
0.13,0.0,0.034110245106844114,0.45,0.0,0.1,0.0,-0.0009908782335867913,-0.06588975489315589,0.015392000000000017
0.14,0.0,0.03560238600903337,0.45,0.0,0.1,0.0,-0.0011388980203730463,-0.06439761399096663,0.016127999999999976
0.15,0.0,0.03695411460726723,0.45,0.0,0.1,0.0,-0.0012948196981021325,-0.06304588539273277,0.01679999999999998
0.16,0.0,0.03816837820525836,0.45,0.0,0.1,0.0,-0.0014580279151458911,-0.061831621794741644,0.01740799999999998
0.17,0.0,0.03924782437857422,0.45,0.0,0.1,0.0,-0.0016278785632343926,-0.0607521756214258,0.017952000000000023
0.18,0.0,0.040194806747400315,0.45,0.0,0.1,0.0,-0.0018037013194570114,-0.059805193252599705,0.018432000000000004
0.19,0.0,0.04101139010836455,0.45,0.0,0.1,0.0,-0.001984802291720714,-0.05898860989163547,0.018847999999999976
0.2,0.0,0.04169935493661153,0.45,0.0,0.1,0.0,-0.0021704667572251396,-0.05830064506338849,0.019199999999999995
0.21,0.0,0.042260201267943664,0.45,0.0,0.1,0.0,-0.0023599619831469677,-0.057739798732056355,0.019488000000000005
0.22,0.0,0.04269515196949324,0.45,0.0,0.1,0.0,-0.0025525401184016195,-0.057304848030506776,0.019712000000000007
0.23,0.0,0.043005155406057115,0.45,0.0,0.1,0.0,-0.002747441145069825,-0.056994844593942905,0.019872
0.24,0.0,0.0431908875079076,0.45,0.0,0.1,0.0,-0.0029438958778411346,-0.05680911249209242,0.019967999999999986
0.25,0.0,0.043252753244588216,0.45,0.0,0.1,0.0,-0.003141128999636929,-0.056747246755411804,0.020000000000000018
0.26,0.0,0.04319088750790762,0.45,0.0,0.1,0.0,-0.0033383621214327242,-0.056809112492092396,0.019967999999999986
0.27,0.0,0.043005155406057115,0.45,0.0,0.1,0.0,-0.003534816854204033,-0.056994844593942905,0.019872
0.28,0.0,0.0426951519694932,0.45,0.0,0.1,0.0,-0.003729717880872239,-0.05730484803050682,0.019712000000000007
0.29,0.0,0.04226020126794364,0.45,0.0,0.1,0.0,-0.00392229601612689,-0.05773979873205638,0.019488000000000005
0.3,0.0,0.04169935493661153,0.45,0.0,0.1,0.0,-0.004111791242048718,-0.05830064506338849,0.019199999999999995
0.31,0.0,0.041011390108364534,0.45,0.0,0.1,0.0,-0.004297455707553144,-0.058988609891635485,0.018847999999999976
0.32,0.0,0.04019480674740029,0.45,0.0,0.1,0.0,-0.004478556679816846,-0.05980519325259973,0.018432000000000004
0.33,0.0,0.03924782437857417,0.45,0.0,0.1,0.0,-0.004654379436039465,-0.06075217562142585,0.017952000000000023
0.34,0.0,0.03816837820525831,0.45,0.0,0.1,0.0,-0.004824230084127966,-0.06183162179474172,0.01740799999999998
0.35000000000000003,0.0,0.03695411460726718,0.45,0.0,0.1,0.0,-0.004987438301171725,-0.06304588539273286,0.01679999999999998
0.36,0.0,0.03560238600903326,0.45,0.0,0.1,0.0,-0.005143359978900811,-0.06439761399096677,0.016127999999999976
0.37,0.0,0.034110245106843975,0.45,0.0,0.1,0.0,-0.005291379765687066,-0.06588975489315606,0.015391999999999961
0.38,0.0,0.0324744384425522,0.45,0.0,0.1,0.0,-0.005430913495055853,-0.06752556155744784,0.014591999999999994
0.39,0.0,0.03069139930974843,0.45,0.0,0.1,0.0,-0.00556141049112425,-0.0693086006902516,0.013727999999999962
0.4,0.0,0.02875723997692918,0.45,0.0,0.1,0.0,-0.005682355741867183,-0.07124276002307085,0.012799999999999978
0.41000000000000003,0.0,0.026667743210701603,0.45,0.0,0.1,0.0,-0.005793271931634598,-0.07333225678929843,0.011807999999999985
0.42,0.0,0.024418353080544686,0.45,0.0,0.1,0.0,-0.005893721324898269,-0.07558164691945535,0.010751999999999984
0.43,0.0,0.022004165025076627,0.45,0.0,0.1,0.0,-0.005983307493793948,-0.0779958349749234,0.009631999999999974
0.44,0.0,0.019419915158168086,0.45,0.0,0.1,0.0,-0.006061676882641031,-0.08058008484183195,0.008447999999999956
0.45,0.0,0.016659968791585586,0.45,0.0,0.1,0.0,-0.006128520203265307,-0.08334003120841445,0.007199999999999984
0.46,0.0,0.013718308149140088,0.45,0.0,0.1,0.0,-0.006183573655618079,-0.08628169185085995,0.005887999999999949
0.47000000000000003,0.0,0.010588519245550362,0.45,0.0,0.1,0.0,-0.0062266199688744426,-0.08941148075444967,0.0045119999999999605
0.48,0.0,0.007263777901416052,0.45,0.0,0.1,0.0,-0.006257489258901964,-0.09273622209858398,0.0030719999999999636
0.49,0.0,0.003736834863802732,0.45,0.0,0.1,0.0,-0.006276059698715741,-0.0962631651361973,0.0015679999999999583
0.5,0.0,-9.71445146547012e-17,0.45,0.0,0.1,0.0,-0.006282257999273856,-0.10000000000000013,-5.551115123125783e-17
0.51,0.0,-9.71445146547012e-17,0.44999999999999996,0.0,0.1,-5.551115123125783e-17,-0.006282257999273856,-0.10000000000000013,-5.551115123125783e-17
0.52,6.848905301397486e-06,-0.0037368348638028986,0.44999999999999996,3.294807644230935e-05,0.0962631651361972,0.0015679999999999583,-0.006282257999273856,-0.10000000000000013,-5.551115123125783e-17
0.53,2.7410554531735916e-05,-0.007263777901416246,0.44999999999999996,0.00013170423759046655,0.09273622209858386,0.0030719999999999636,-0.006282257999273856,-0.10000000000000013,-5.551115123125783e-17
0.54,6.172978023003158e-05,-0.010588519245550584,0.44999999999999996,0.000296004717968624,0.08941148075444952,0.0045119999999999605,-0.006282257999273856,-0.10000000000000013,-5.551115123125783e-17
0.55,0.00010988141190084854,-0.013718308149140268,0.44999999999999996,0.0005254113704519115,0.08628169185085983,0.005887999999999949,-0.006282257999273856,-0.10000000000000013,-5.551115123125783e-17
0.56,0.00017197043917226845,-0.016659968791585864,0.44999999999999996,0.0008193138539088038,0.08334003120841424,0.007199999999999929,-0.006282257999273856,-0.10000000000000013,-5.551115123125783e-17
0.5700000000000001,0.00024813224071485156,-0.019419915158168294,0.44999999999999996,0.0011769326852037927,0.08058008484183181,0.008447999999999956,-0.006282257999273856,-0.10000000000000013,-5.551115123125783e-17
0.58,0.000338532879420767,-0.022004165025076863,0.44999999999999996,0.0015973231449181,0.07799583497492324,0.009631999999999918,-0.006282257999273856,-0.10000000000000013,-5.551115123125783e-17
0.59,0.00044336946448666256,-0.024418353080544908,0.44999999999999996,0.0020793800231828615,0.0755816469194552,0.010751999999999928,-0.006282257999273856,-0.10000000000000013,-5.551115123125783e-17
0.6,0.0005628705811897786,-0.02666774321070177,0.44999999999999996,0.0026218431891136223,0.07333225678929833,0.01180799999999993,-0.006282257999273856,-0.10000000000000013,-5.551115123125783e-17
0.61,0.0006972967892943938,-0.028757239976929375,0.44999999999999996,0.003223303964499338,0.07124276002307073,0.012799999999999923,-0.006282257999273856,-0.10000000000000013,-5.551115123125783e-17
0.62,0.0008469411911753042,-0.030691399309748638,0.44999999999999996,0.0038822122796455436,0.06930860069025148,0.013727999999999962,-0.006282257999273856,-0.10000000000000013,-5.551115123125783e-17
0.63,0.0010121300708970868,-0.032474438442552336,0.44999999999999996,0.004596884586611711,0.06752556155744778,0.014591999999999938,-0.006282257999273856,-0.10000000000000013,-5.551115123125783e-17
0.64,0.0011932236056425962,-0.0341102451068442,0.44999999999999996,0.00536551250252846,0.06588975489315592,0.015391999999999961,-0.006282257999273856,-0.10000000000000013,-5.551115123125783e-17
0.65,0.001390616651041861,-0.035602386009033454,0.44999999999999996,0.006186172153242262,0.06439761399096666,0.01612799999999992,-0.006282257999273856,-0.10000000000000013,-5.551115123125783e-17
0.66,0.0016047396021137608,-0.036954114607267316,0.44999999999999996,0.007056834185224248,0.0630458853927328,0.016799999999999926,-0.006282257999273856,-0.10000000000000013,-5.551115123125783e-17
0.67,0.00183605933169762,-0.03816837820525845,0.44999999999999996,0.007975374411505563,0.061831621794741665,0.017407999999999924,-0.006282257999273856,-0.10000000000000013,-5.551115123125783e-17
0.68,0.002085080208420912,-0.03924782437857431,0.44999999999999996,0.008939585055374396,0.060752175621425805,0.017951999999999968,-0.006282257999273856,-0.10000000000000013,-5.551115123125783e-17
0.6900000000000001,0.002352345196422627,-0.0401948067474004,0.44999999999999996,0.009947186553697938,0.05980519325259972,0.01843199999999995,-0.006282257999273856,-0.10000000000000013,-5.551115123125783e-17
0.7000000000000001,0.0026384370392301473,-0.04101139010836463,0.44999999999999996,0.010995839880024914,0.0589886098916355,0.01884799999999992,-0.006282257999273856,-0.10000000000000013,-5.551115123125783e-17
0.71,0.0029439795303709305,-0.041699354936611616,0.44999999999999996,0.012083159346088534,0.058300645063388515,0.01919999999999994,-0.006282257999273856,-0.10000000000000013,-5.551115123125783e-17
0.72,0.00326963887348947,-0.04226020126794375,0.44999999999999996,0.01320672583897319,0.05773979873205638,0.01948799999999995,-0.006282257999273856,-0.10000000000000013,-5.551115123125783e-17
0.73,0.0036161251349350904,-0.04269515196949332,0.44999999999999996,0.014364100450037188,0.05730484803050681,0.019711999999999952,-0.006282257999273856,-0.10000000000000013,-5.551115123125783e-17
0.74,0.0039841937919878265,-0.0430051554060572,0.44999999999999996,0.015552838450704265,0.05699484459394293,0.019871999999999945,-0.006282257999273856,-0.10000000000000013,-5.551115123125783e-17
0.75,0.004374647380098099,-0.04319088750790768,0.44999999999999996,0.016770503569453754,0.05680911249209245,0.01996799999999993,-0.006282257999273856,-0.10000000000000013,-5.551115123125783e-17
0.76,0.004788337242731864,-0.04325275324458829,0.44999999999999996,0.01801468252375718,0.05674724675541185,0.019999999999999962,-0.006282257999273856,-0.10000000000000013,-5.551115123125783e-17
0.77,0.005226165387636542,-0.0431908875079077,0.44999999999999996,0.01928299976033152,0.056809112492092445,0.01996799999999993,-0.006282257999273856,-0.10000000000000013,-5.551115123125783e-17
0.78,0.00568908645357517,-0.04300515540605719,0.44999999999999996,0.020573132356909364,0.05699484459394295,0.019871999999999945,-0.006282257999273856,-0.10000000000000013,-5.551115123125783e-17
0.79,0.006178109791816988,-0.04269515196949327,0.44999999999999996,0.021882825038765524,0.05730484803050687,0.019711999999999952,-0.006282257999273856,-0.10000000000000013,-5.551115123125783e-17
0.8,0.006694301666922977,-0.042260201267943706,0.44999999999999996,0.023209905263489886,0.05773979873205644,0.01948799999999995,-0.006282257999273856,-0.10000000000000013,-5.551115123125783e-17
0.81,0.007238787581624913,-0.041699354936611595,0.44999999999999996,0.02455229832795794,0.05830064506338855,0.01919999999999994,-0.006282257999273856,-0.10000000000000013,-5.551115123125783e-17
0.8200000000000001,0.00781275473086709,-0.0410113901083646,0.44999999999999996,0.025908042452122953,0.05898860989163555,0.01884799999999992,-0.006282257999273856,-0.10000000000000013,-5.551115123125783e-17
0.8300000000000001,0.0084174545903615,-0.04019480674740035,0.44999999999999996,0.027275303795136815,0.05980519325259981,0.01843199999999995,-0.006282257999273856,-0.10000000000000013,-5.551115123125783e-17
0.84,0.00905420564530054,-0.03924782437857423,0.44999999999999996,0.028652391360397683,0.06075217562142593,0.017951999999999968,-0.006282257999273856,-0.10000000000000013,-5.551115123125783e-17
0.85,0.009724396265176948,-0.03816837820525836,0.44999999999999996,0.030037771747419638,0.061831621794741796,0.017407999999999924,-0.006282257999273856,-0.10000000000000013,-5.551115123125783e-17
0.86,0.010429487730979169,-0.03695411460726723,0.44999999999999996,0.031430083709919315,0.06304588539273293,0.016799999999999926,-0.006282257999273856,-0.10000000000000013,-5.551115123125783e-17
0.87,0.011171017421362664,-0.0356023860090333,0.44999999999999996,0.032828152481212895,0.06439761399096686,0.01612799999999992,-0.006282257999273856,-0.10000000000000013,-5.551115123125783e-17
0.88,0.011950602164744284,-0.03411024510684402,0.44999999999999996,0.03423100382990905,0.06588975489315614,0.015391999999999906,-0.006282257999273856,-0.10000000000000013,-5.551115123125783e-17
0.89,0.012769941764628581,-0.03247443844255224,0.44999999999999996,0.035637877810964586,0.06752556155744792,0.014591999999999938,-0.006282257999273856,-0.10000000000000013,-5.551115123125783e-17
0.9,0.013630822705852684,-0.030691399309748457,0.44999999999999996,0.037048242179433075,0.0693086006902517,0.013727999999999907,-0.006282257999273856,-0.10000000000000013,-5.551115123125783e-17
0.91,0.014535122049830781,-0.028757239976929208,0.44999999999999996,0.03846180543667647,0.07124276002307096,0.012799999999999923,-0.006282257999273856,-0.10000000000000013,-5.551115123125783e-17
0.92,0.015484811527291453,-0.02666774321070163,0.44999999999999996,0.03987852948141824,0.07333225678929854,0.01180799999999993,-0.006282257999273856,-0.10000000000000013,-5.551115123125783e-17
0.93,0.016481961837431586,-0.024418353080544714,0.44999999999999996,0.04129864184078602,0.07558164691945546,0.010751999999999928,-0.006282257999273856,-0.10000000000000013,-5.551115123125783e-17
0.9400000000000001,0.017528747162860736,-0.022004165025076655,0.44999999999999996,0.04272264745941404,0.07799583497492352,0.009631999999999918,-0.006282257999273856,-0.10000000000000013,-5.551115123125783e-17
0.9500000000000001,0.01862744991018036,-0.0194199151581681,0.44999999999999996,0.04415134002774204,0.08058008484183207,0.0084479999999999,-0.006282257999273856,-0.10000000000000013,-5.551115123125783e-17
0.96,0.01978046568653414,-0.016659968791585586,0.44999999999999996,0.04558581283384823,0.08334003120841459,0.007199999999999929,-0.006282257999273856,-0.10000000000000013,-5.551115123125783e-17
0.97,0.020990308522980387,-0.013718308149140088,0.44999999999999996,0.047027469126479954,0.08628169185086008,0.005887999999999893,-0.006282257999273856,-0.10000000000000013,-5.551115123125783e-17
0.98,0.022259616356075478,-0.010588519245550349,0.44999999999999996,0.04847803198038751,0.08941148075444982,0.004511999999999905,-0.006282257999273856,-0.10000000000000013,-5.551115123125783e-17
0.99,0.023591156779620287,-0.007263777901416052,0.44999999999999996,0.049939553658612176,0.09273622209858412,0.003071999999999908,-0.006282257999273856,-0.10000000000000013,-5.551115123125783e-17
1.0,0.024987833079110858,-0.0037368348638027182,0.44999999999999996,0.05141442447002057,0.09626316513619745,0.0015679999999999028,-0.006282257999273856,-0.10000000000000013,-5.551115123125783e-17
1.01,0.026452690562050643,1.249000902703301e-16,0.44999999999999996,0.052905381124101265,0.1000000000000003,-1.1102230246251565e-16,-0.006282257999273856,-0.10000000000000013,-5.551115123125783e-17
1.02,0.026452690562050643,1.249000902703301e-16,0.4499999999999999,0.052905381124101265,0.1000000000000003,-1.1102230246251565e-16,-0.00628225799927383,-0.10000000000000013,-1.1102230246251565e-16
1.03,0.027924396950291832,0.0037368348638029264,0.4499999999999999,0.052905381124101265,0.1000000000000003,-1.1102230246251565e-16,-0.004752154968192705,-0.09626316513619733,0.0015679999999999028
1.04,0.029341634899012748,0.007263777901416274,0.4499999999999999,0.052905381124101265,0.1000000000000003,-1.1102230246251565e-16,-0.0031599575558223687,-0.09273622209858398,0.003071999999999908
1.05,0.03070749454825585,0.010588519245550612,0.4499999999999999,0.052905381124101265,0.1000000000000003,-1.1102230246251565e-16,-0.0015032661071920257,-0.08941148075444964,0.004511999999999905
1.06,0.03202495401302175,0.013718308149140282,0.4499999999999999,0.052905381124101265,0.1000000000000003,-1.1102230246251565e-16,0.00021974971245518338,-0.08628169185085999,0.005887999999999893
1.07,0.033296885876739415,0.016659968791585877,0.4499999999999999,0.052905381124101265,0.1000000000000003,-1.1102230246251565e-16,0.0020103619408965642,-0.08334003120841439,0.007199999999999873
1.08,0.03452606345463578,0.01941991515816832,0.4499999999999999,0.052905381124101265,0.1000000000000003,-1.1102230246251565e-16,0.003869296898922018,-0.08058008484183196,0.0084479999999999
1.09,0.03571516684066132,0.02200416502507689,0.4499999999999999,0.052905381124101265,0.1000000000000003,-1.1102230246251565e-16,0.005796749315811419,-0.07799583497492339,0.009631999999999863
1.1,0.036866788751156364,0.02441835308054492,0.4499999999999999,0.052905381124101265,0.1000000000000003,-1.1102230246251565e-16,0.007792397981599877,-0.07558164691945538,0.010751999999999873
1.11,0.03798344017799961,0.026667743210701783,0.4499999999999999,0.052905381124101265,0.1000000000000003,-1.1102230246251565e-16,0.009855422900162083,-0.07333225678929853,0.011807999999999874
1.12,0.03906755586356489,0.02875723997692939,0.4499999999999999,0.052905381124101265,0.1000000000000003,-1.1102230246251565e-16,0.011984523910056978,-0.07124276002307092,0.012799999999999867
1.1300000000000001,0.04012149960942389,0.03069139930974865,0.4499999999999999,0.052905381124101265,0.1000000000000003,-1.1102230246251565e-16,0.014177940733189502,-0.06930860069025167,0.013727999999999907
1.1400000000000001,0.041147569430369776,0.032474438442552336,0.4499999999999999,0.052905381124101265,0.1000000000000003,-1.1102230246251565e-16,0.016433474404692554,-0.067525561557448,0.014591999999999883
1.1500000000000001,0.042148002564999586,0.0341102451068442,0.4499999999999999,0.052905381124101265,0.1000000000000003,-1.1102230246251565e-16,0.01874851003103363,-0.06588975489315615,0.015391999999999906
1.16,0.04312498035378047,0.035602386009033454,0.4499999999999999,0.052905381124101265,0.1000000000000003,-1.1102230246251565e-16,0.021120040817229842,-0.06439761399096691,0.016127999999999865
1.17,0.04408063299523586,0.036954114607267316,0.4499999999999999,0.052905381124101265,0.1000000000000003,-1.1102230246251565e-16,0.02354469329823449,-0.06304588539273306,0.01679999999999987
1.18,0.045017044190621934,0.03816837820525844,0.4499999999999999,0.052905381124101265,0.1000000000000003,-1.1102230246251565e-16,0.026018753704059237,-0.06183162179474197,0.017407999999999868
1.19,0.045936255687221636,0.03924782437857429,0.4499999999999999,0.052905381124101265,0.1000000000000003,-1.1102230246251565e-16,0.02853819538303852,-0.06075217562142613,0.017951999999999912
1.2,0.04684027173016239,0.04019480674740038,0.4499999999999999,0.052905381124101265,0.1000000000000003,-1.1102230246251565e-16,0.031098707202845553,-0.05980519325260006,0.018431999999999893
1.21,0.04773106343246432,0.041011390108364604,0.4499999999999999,0.052905381124101265,0.1000000000000003,-1.1102230246251565e-16,0.03369572284445009,-0.05898860989163586,0.018847999999999865
1.22,0.04861057307284729,0.04169935493661158,0.4499999999999999,0.052905381124101265,0.1000000000000003,-1.1102230246251565e-16,0.03632445090018316,-0.058300645063388896,0.019199999999999884
1.23,0.049480718330667764,0.0422602012679437,0.4499999999999999,0.052905381124101265,0.1000000000000003,-1.1102230246251565e-16,0.038979905683457695,-0.05773979873205679,0.019487999999999894
1.24,0.05034339646721937,0.04269515196949327,0.4499999999999999,0.052905381124101265,0.1000000000000003,-1.1102230246251565e-16,0.04165693865450071,-0.05730484803050725,0.019711999999999896
1.25,0.051200488462513925,0.043005155406057136,0.4499999999999999,0.052905381124101265,0.1000000000000003,-1.1102230246251565e-16,0.04435027036369215,-0.0569948445939434,0.01987199999999989
1.26,0.052053863116562814,0.04319088750790761,0.4499999999999999,0.052905381124101265,0.1000000000000003,-1.1102230246251565e-16,0.04705452281179079,-0.05680911249209295,0.019967999999999875
1.27,0.05290538112410125,0.04325275324458821,0.4499999999999999,0.052905381124101265,0.1000000000000003,-1.1102230246251565e-16,0.04976425212446434,-0.056747246755412366,0.019999999999999907
1.28,0.05375689913163971,0.04319088750790761,0.4499999999999999,0.052905381124101265,0.1000000000000003,-1.1102230246251565e-16,0.052473981437137905,-0.05680911249209298,0.019967999999999875
1.29,0.054610273785688605,0.043005155406057094,0.4499999999999999,0.052905381124101265,0.1000000000000003,-1.1102230246251565e-16,0.055178233885236544,-0.05699484459394352,0.01987199999999989
1.3,0.05546736578098315,0.04269515196949316,0.4499999999999999,0.052905381124101265,0.1000000000000003,-1.1102230246251565e-16,0.05787156559442798,-0.05730484803050747,0.019711999999999896
1.31,0.05633004391753476,0.04226020126794358,0.4499999999999999,0.052905381124101265,0.1000000000000003,-1.1102230246251565e-16,0.06054859856547099,-0.05773979873205708,0.019487999999999894
1.32,0.05720018917535525,0.04169935493661146,0.4499999999999999,0.052905381124101265,0.1000000000000003,-1.1102230246251565e-16,0.06320405334874554,-0.05830064506338921,0.019199999999999884
1.33,0.05807969881573821,0.04101139010836445,0.4499999999999999,0.052905381124101265,0.1000000000000003,-1.1102230246251565e-16,0.0658327814044786,-0.058988609891636234,0.018847999999999865
1.34,0.05897049051804013,0.04019480674740019,0.4499999999999999,0.052905381124101265,0.1000000000000003,-1.1102230246251565e-16,0.06842979704608312,-0.05980519325260052,0.018431999999999893
1.35,0.05987450656098089,0.039247824378574055,0.4499999999999999,0.052905381124101265,0.1000000000000003,-1.1102230246251565e-16,0.07099030886589017,-0.06075217562142667,0.017951999999999912
1.36,0.060793718057580576,0.038168378205258174,0.4499999999999999,0.052905381124101265,0.1000000000000003,-1.1102230246251565e-16,0.07350975054486944,-0.06183162179474257,0.017407999999999868
1.37,0.06173012925296666,0.036954114607267025,0.4499999999999999,0.052905381124101265,0.1000000000000003,-1.1102230246251565e-16,0.0759838109506942,-0.06304588539273374,0.01679999999999987
1.3800000000000001,0.06268578189442205,0.03560238600903308,0.4499999999999999,0.052905381124101265,0.1000000000000003,-1.1102230246251565e-16,0.07840846343169883,-0.0643976139909677,0.016127999999999865
1.3900000000000001,0.06366275968320291,0.03411024510684378,0.4499999999999999,0.052905381124101265,0.1000000000000003,-1.1102230246251565e-16,0.08077999421789503,-0.06588975489315702,0.01539199999999985
1.4000000000000001,0.06466319281783275,0.03247443844255199,0.4499999999999999,0.052905381124101265,0.1000000000000003,-1.1102230246251565e-16,0.08309502984423614,-0.06752556155744882,0.014591999999999883
1.41,0.06568926263877861,0.03069139930974818,0.4499999999999999,0.052905381124101265,0.1000000000000003,-1.1102230246251565e-16,0.08535056351573916,-0.06930860069025264,0.013727999999999851
1.42,0.06674320638463763,0.028757239976928917,0.4499999999999999,0.052905381124101265,0.1000000000000003,-1.1102230246251565e-16,0.0875439803388717,-0.07124276002307192,0.012799999999999867
1.43,0.06782732207020294,0.026667743210701325,0.4499999999999999,0.052905381124101265,0.1000000000000003,-1.1102230246251565e-16,0.08967308134876661,-0.07333225678929951,0.011807999999999874
1.44,0.06894397349704616,0.024418353080544367,0.4499999999999999,0.052905381124101265,0.1000000000000003,-1.1102230246251565e-16,0.09173610626732881,-0.07558164691945649,0.010751999999999873
1.45,0.0700955954075412,0.022004165025076294,0.4499999999999999,0.052905381124101265,0.1000000000000003,-1.1102230246251565e-16,0.09373175493311726,-0.07799583497492457,0.009631999999999863
1.46,0.07128469879356676,0.01941991515816771,0.4499999999999999,0.052905381124101265,0.1000000000000003,-1.1102230246251565e-16,0.09565920735000669,-0.08058008484183316,0.008447999999999845
1.47,0.0725138763714631,0.016659968791585184,0.4499999999999999,0.052905381124101265,0.1000000000000003,-1.1102230246251565e-16,0.0975181423080321,-0.0833400312084157,0.007199999999999873
1.48,0.07378580823518081,0.013718308149139657,0.4499999999999999,0.052905381124101265,0.1000000000000003,-1.1102230246251565e-16,0.09930875453647353,-0.08628169185086122,0.005887999999999838
1.49,0.07510326769994671,0.01058851924554989,0.4499999999999999,0.052905381124101265,0.1000000000000003,-1.1102230246251565e-16,0.10103177035612074,-0.089411480754451,0.0045119999999998495
1.5,0.07646912734918983,0.007263777901415552,0.4499999999999999,0.052905381124101265,0.1000000000000003,-1.1102230246251565e-16,0.1026884618047511,-0.09273622209858534,0.0030719999999998526
1.51,0.07788636529791074,0.003736834863802191,0.4499999999999999,0.052905381124101265,0.1000000000000003,-1.1102230246251565e-16,0.10428065921712143,-0.0962631651361987,0.0015679999999998473
1.52,0.0793580716861519,-6.800116025829084e-16,0.4499999999999999,0.052905381124101265,0.1000000000000003,-1.1102230246251565e-16,0.10581076224820252,-0.10000000000000157,-1.6653345369377348e-16
1.53,0.0793580716861519,-6.800116025829084e-16,0.44999999999999984,0.052905381124101314,0.1000000000000003,-1.6653345369377348e-16,0.10581076224820252,-0.10000000000000157,-1.6653345369377348e-16
1.54,0.0808297780743931,-0.0037368348638034815,0.44999999999999984,0.054429285854624324,0.0962631651361975,0.0015679999999998473,0.10581076224820252,-0.10000000000000157,-1.6653345369377348e-16
1.55,0.082247016023114,-0.007263777901416829,0.44999999999999984,0.056002912827180874,0.09273622209858416,0.0030719999999998526,0.10581076224820252,-0.10000000000000157,-1.6653345369377348e-16
1.56,0.0836128756723571,-0.010588519245551167,0.44999999999999984,0.0576287349857837,0.08941148075444984,0.0045119999999998495,0.10581076224820252,-0.10000000000000157,-1.6653345369377348e-16
1.57,0.084930335137123,-0.013718308149140823,0.44999999999999984,0.05930870449217454,0.08628169185086021,0.005887999999999838,0.10581076224820252,-0.10000000000000157,-1.6653345369377348e-16
1.58,0.08620226700084067,-0.01665996879158642,0.44999999999999984,0.06104426326826315,0.08334003120841464,0.007199999999999818,0.10581076224820252,-0.10000000000000157,-1.6653345369377348e-16
1.59,0.08743144457873704,-0.01941991515816885,0.44999999999999984,0.06283635490566433,0.08058008484183225,0.008447999999999845,0.10581076224820252,-0.10000000000000157,-1.6653345369377348e-16
1.6,0.08862054796476257,-0.022004165025077405,0.44999999999999984,0.06468543793370664,0.07799583497492375,0.009631999999999807,0.10581076224820252,-0.10000000000000157,-1.6653345369377348e-16
1.61,0.08977216987525762,-0.02441835308054542,0.44999999999999984,0.06659150043059942,0.07558164691945578,0.010751999999999817,0.10581076224820252,-0.10000000000000157,-1.6653345369377348e-16
1.62,0.09088882130210087,-0.02666774321070227,0.44999999999999984,0.06855407595589796,0.073332256789299,0.011807999999999819,0.10581076224820252,-0.10000000000000157,-1.6653345369377348e-16
1.6300000000000001,0.09197293698766615,-0.02875723997692986,0.44999999999999984,0.07057226077602544,0.07124276002307146,0.012799999999999812,0.10581076224820252,-0.10000000000000157,-1.6653345369377348e-16
1.6400000000000001,0.09302688073352515,-0.03069139930974911,0.44999999999999984,0.07264473234841504,0.06930860069025228,0.013727999999999851,0.10581076224820252,-0.10000000000000157,-1.6653345369377348e-16
1.6500000000000001,0.09405295055447103,-0.03247443844255278,0.44999999999999984,0.07476976902384969,0.0675255615574487,0.014591999999999827,0.10581076224820252,-0.10000000000000157,-1.6653345369377348e-16
1.6600000000000001,0.09505338368910084,-0.03411024510684463,0.44999999999999984,0.07694527092082197,0.06588975489315693,0.01539199999999985,0.10581076224820252,-0.10000000000000157,-1.6653345369377348e-16
1.67,0.09603036147788173,-0.03560238600903384,0.44999999999999984,0.07916878192023194,0.0643976139909678,0.01612799999999981,0.10581076224820252,-0.10000000000000157,-1.6653345369377348e-16
1.68,0.09698601411933712,-0.03695411460726768,0.44999999999999984,0.0814375127235075,0.06304588539273405,0.016799999999999815,0.10581076224820252,-0.10000000000000157,-1.6653345369377348e-16
1.69,0.0979224253147232,-0.038168378205258785,0.44999999999999984,0.08374836491228849,0.06183162179474304,0.017407999999999813,0.10581076224820252,-0.10000000000000157,-1.6653345369377348e-16
1.7,0.0988416368113229,-0.0392478243785746,0.44999999999999984,0.08609795594317926,0.06075217562142732,0.017951999999999857,0.10581076224820252,-0.10000000000000157,-1.6653345369377348e-16
1.71,0.09974565285426365,-0.04019480674740066,0.44999999999999984,0.08848264500676367,0.05980519325260137,0.018431999999999837,0.10581076224820252,-0.10000000000000157,-1.6653345369377348e-16
1.72,0.10063644455656558,-0.041011390108364854,0.44999999999999984,0.09089855967610451,0.058988609891637275,0.01884799999999981,0.10581076224820252,-0.10000000000000157,-1.6653345369377348e-16
1.73,0.10151595419694853,-0.041699354936611796,0.44999999999999984,0.09334162326633313,0.058300645063390444,0.01919999999999983,0.10581076224820252,-0.10000000000000157,-1.6653345369377348e-16
1.74,0.10238609945476902,-0.04226020126794388,0.44999999999999984,0.09580758282368586,0.05773979873205847,0.01948799999999984,0.10581076224820252,-0.10000000000000157,-1.6653345369377348e-16
1.75,0.10324877759132063,-0.04269515196949341,0.44999999999999984,0.09829203765947422,0.05730484803050905,0.01971199999999984,0.10581076224820252,-0.10000000000000157,-1.6653345369377348e-16
1.76,0.10410586958661518,-0.04300515540605723,0.44999999999999984,0.10079046834199745,0.05699484459394534,0.019871999999999834,0.10581076224820252,-0.10000000000000157,-1.6653345369377348e-16
1.77,0.10495924424066407,-0.043190887507907665,0.44999999999999984,0.10329826605732478,0.05680911249209503,0.01996799999999982,0.10581076224820252,-0.10000000000000157,-1.6653345369377348e-16
1.78,0.1058107622482025,-0.043252753244588216,0.44999999999999984,0.10581076224820253,0.05674724675541459,0.01999999999999985,0.10581076224820252,-0.10000000000000157,-1.6653345369377348e-16
1.79,0.10666228025574095,-0.04319088750790756,0.44999999999999984,0.1083232584390803,0.05680911249209536,0.01996799999999982,0.10581076224820252,-0.10000000000000157,-1.6653345369377348e-16
1.8,0.10751565490978986,-0.04300515540605699,0.44999999999999984,0.11083105615440764,0.056994844593946055,0.019871999999999834,0.10581076224820252,-0.10000000000000157,-1.6653345369377348e-16
1.81,0.10837274690508442,-0.04269515196949301,0.44999999999999984,0.11332948683693088,0.05730484803051015,0.01971199999999984,0.10581076224820252,-0.10000000000000157,-1.6653345369377348e-16
1.82,0.10923542504163601,-0.04226020126794337,0.44999999999999984,0.11581394167271923,0.057739798732059894,0.01948799999999984,0.10581076224820252,-0.10000000000000157,-1.6653345369377348e-16
1.83,0.1101055702994565,-0.041699354936611185,0.44999999999999984,0.11827990123007195,0.05830064506339219,0.01919999999999983,0.10581076224820252,-0.10000000000000157,-1.6653345369377348e-16
1.84,0.11098507993983947,-0.04101139010836411,0.44999999999999984,0.1207229648203006,0.05898860989163938,0.01884799999999981,0.10581076224820252,-0.10000000000000157,-1.6653345369377348e-16
1.85,0.11187587164214138,-0.04019480674739978,0.44999999999999984,0.1231388794896414,0.059805193252603805,0.018431999999999837,0.10581076224820252,-0.10000000000000157,-1.6653345369377348e-16
1.86,0.11277988768508214,-0.039247824378573576,0.44999999999999984,0.12552356855322583,0.06075217562143012,0.017951999999999857,0.10581076224820252,-0.10000000000000157,-1.6653345369377348e-16
1.87,0.11369909918168183,-0.03816837820525761,0.44999999999999984,0.1278731595841166,0.06183162179474618,0.017407999999999813,0.10581076224820252,-0.10000000000000157,-1.6653345369377348e-16
1.8800000000000001,0.11463551037706791,-0.036954114607266386,0.44999999999999984,0.1301840117728976,0.0630458853927375,0.016799999999999815,0.10581076224820252,-0.10000000000000157,-1.6653345369377348e-16
1.8900000000000001,0.1155911630185233,-0.03560238600903236,0.44999999999999984,0.13245274257617315,0.06439761399097162,0.01612799999999981,0.10581076224820252,-0.10000000000000157,-1.6653345369377348e-16
1.9000000000000001,0.11656814080730417,-0.03411024510684296,0.44999999999999984,0.13467625357558308,0.0658897548931611,0.015391999999999795,0.10581076224820252,-0.10000000000000157,-1.6653345369377348e-16
1.9100000000000001,0.11756857394193401,-0.032474438442551073,0.44999999999999984,0.1368517554725554,0.06752556155745307,0.014591999999999827,0.10581076224820252,-0.10000000000000157,-1.6653345369377348e-16
1.92,0.11859464376287987,-0.03069139930974718,0.44999999999999984,0.13897679214799002,0.06930860069025704,0.013727999999999796,0.10581076224820252,-0.10000000000000157,-1.6653345369377348e-16
1.93,0.1196485875087389,-0.028757239976927806,0.44999999999999984,0.14104926372037965,0.07124276002307649,0.012799999999999812,0.10581076224820252,-0.10000000000000157,-1.6653345369377348e-16
1.94,0.1207327031943042,-0.026667743210700104,0.44999999999999984,0.14306744854050715,0.07333225678930425,0.011807999999999819,0.10581076224820252,-0.10000000000000157,-1.6653345369377348e-16
1.95,0.12184935462114742,-0.024418353080543034,0.44999999999999984,0.14503002406580567,0.07558164691946138,0.010751999999999817,0.10581076224820252,-0.10000000000000157,-1.6653345369377348e-16
1.96,0.12300097653164246,-0.022004165025074837,0.44999999999999984,0.14693608656269844,0.07799583497492962,0.009631999999999807,0.10581076224820252,-0.10000000000000157,-1.6653345369377348e-16
1.97,0.124190079917668,-0.01941991515816613,0.44999999999999984,0.14878516959074076,0.08058008484183839,0.008447999999999789,0.10581076224820252,-0.10000000000000157,-1.6653345369377348e-16
1.98,0.12541925749556435,-0.016659968791583463,0.44999999999999984,0.1505772612281419,0.0833400312084211,0.007199999999999818,0.10581076224820252,-0.10000000000000157,-1.6653345369377348e-16
1.99,0.12669118935928206,-0.013718308149137798,0.44999999999999984,0.15231282000423058,0.08628169185086679,0.005887999999999782,0.10581076224820252,-0.10000000000000157,-1.6653345369377348e-16
2.0,0.12800864882404797,-0.010588519245547892,0.44999999999999984,0.15399278951062143,0.08941148075445672,0.004511999999999794,0.10581076224820252,-0.10000000000000157,-1.6653345369377348e-16
2.0100000000000002,0.1293745084732911,-0.007263777901413401,0.44999999999999984,0.15561861166922428,0.09273622209859123,0.003071999999999797,0.10581076224820252,-0.10000000000000157,-1.6653345369377348e-16
2.02,0.130791746422012,-0.0037368348637998733,0.44999999999999984,0.1571922386417808,0.09626316513620477,0.0015679999999997918,0.10581076224820252,-0.10000000000000157,-1.6653345369377348e-16
2.0300000000000002,0.13226345281025317,3.164135620181696e-15,0.44999999999999984,0.1587161433723038,0.1000000000000078,-2.220446049250313e-16,0.10581076224820252,-0.10000000000000157,-1.6653345369377348e-16
2.04,0.13226345281025317,3.164135620181696e-15,0.4499999999999998,0.1587161433723038,0.1000000000000078,-2.220446049250313e-16,0.10581076224820257,-0.10000000000000157,-2.220446049250313e-16
2.05,0.13373515919849438,0.0037368348638059656,0.4499999999999998,0.1587161433723038,0.1000000000000078,-2.220446049250313e-16,0.10733466697872561,-0.09626316513619879,0.0015679999999997918
2.06,0.13515239714721528,0.0072637779014192855,0.4499999999999998,0.1587161433723038,0.1000000000000078,-2.220446049250313e-16,0.10890829395128214,-0.09273622209858554,0.003071999999999797
2.07,0.13651825679645838,0.01058851924555361,0.4499999999999998,0.1587161433723038,0.1000000000000078,-2.220446049250313e-16,0.11053411610988496,-0.0894114807544513,0.004511999999999794
2.08,0.1378357162612243,0.013718308149143252,0.4499999999999998,0.1587161433723038,0.1000000000000078,-2.220446049250313e-16,0.11221408561627581,-0.08628169185086179,0.005887999999999782
2.09,0.13910764812494195,0.016659968791588792,0.4499999999999998,0.1587161433723038,0.1000000000000078,-2.220446049250313e-16,0.11394964439236442,-0.08334003120841642,0.007199999999999762
2.1,0.1403368257028383,0.01941991515817118,0.4499999999999998,0.1587161433723038,0.1000000000000078,-2.220446049250313e-16,0.11574173602976559,-0.08058008484183424,0.008447999999999789
2.11,0.14152592908886386,0.02200416502507968,0.4499999999999998,0.1587161433723038,0.1000000000000078,-2.220446049250313e-16,0.11759081905780792,-0.07799583497492599,0.009631999999999752
2.12,0.1426775509993589,0.024418353080547642,0.4499999999999998,0.1587161433723038,0.1000000000000078,-2.220446049250313e-16,0.11949688155470069,-0.0755816469194583,0.010751999999999762
2.13,0.14379420242620214,0.02666774321070442,0.4499999999999998,0.1587161433723038,0.1000000000000078,-2.220446049250313e-16,0.12145945707999922,-0.07333225678930183,0.011807999999999763
2.14,0.14487831811176743,0.028757239976931928,0.4499999999999998,0.1587161433723038,0.1000000000000078,-2.220446049250313e-16,0.12347764190012672,-0.07124276002307467,0.012799999999999756
2.15,0.14593226185762642,0.03069139930975108,0.4499999999999998,0.1587161433723038,0.1000000000000078,-2.220446049250313e-16,0.1255501134725163,-0.06930860069025589,0.013727999999999796
2.16,0.1469583316785723,0.03247443844255467,0.4499999999999998,0.1587161433723038,0.1000000000000078,-2.220446049250313e-16,0.12767515014795094,-0.0675255615574527,0.014591999999999772
2.17,0.14795876481320214,0.03411024510684639,0.4499999999999998,0.1587161433723038,0.1000000000000078,-2.220446049250313e-16,0.12985065204492327,-0.06588975489316141,0.015391999999999795
2.18,0.148935742601983,0.03560238600903551,0.4499999999999998,0.1587161433723038,0.1000000000000078,-2.220446049250313e-16,0.1320741630443332,-0.06439761399097275,0.016127999999999754
2.19,0.1498913952434384,0.0369541146072692,0.4499999999999998,0.1587161433723038,0.1000000000000078,-2.220446049250313e-16,0.13434289384760875,-0.06304588539273955,0.01679999999999976
2.2,0.15082780643882449,0.03816837820526017,0.4499999999999998,0.1587161433723038,0.1000000000000078,-2.220446049250313e-16,0.13665374603638977,-0.061831621794749075,0.017407999999999757
2.21,0.15174701793542417,0.039247824378575845,0.4499999999999998,0.1587161433723038,0.1000000000000078,-2.220446049250313e-16,0.13900333706728052,-0.06075217562143393,0.0179519999999998
2.22,0.15265103397836494,0.04019480674740174,0.4499999999999998,0.1587161433723038,0.1000000000000078,-2.220446049250313e-16,0.14138802613086496,-0.05980519325260858,0.018431999999999782
2.23,0.15354182568066685,0.04101139010836577,0.4499999999999998,0.1587161433723038,0.1000000000000078,-2.220446049250313e-16,0.14380394080020578,-0.0589886098916451,0.018847999999999754
2.24,0.15442133532104982,0.041699354936612525,0.4499999999999998,0.1587161433723038,0.1000000000000078,-2.220446049250313e-16,0.14624700439043442,-0.05830064506339893,0.019199999999999773
2.25,0.1552914805788703,0.042260201267944414,0.4499999999999998,0.1587161433723038,0.1000000000000078,-2.220446049250313e-16,0.14871296394778713,-0.057739798732067624,0.019487999999999783
2.2600000000000002,0.1561541587154219,0.042695151969493736,0.4499999999999998,0.1587161433723038,0.1000000000000078,-2.220446049250313e-16,0.15119741878357548,-0.0573048480305189,0.019711999999999785
2.27,0.15701125071071645,0.04300515540605734,0.4499999999999998,0.1587161433723038,0.1000000000000078,-2.220446049250313e-16,0.1536958494660987,-0.056994844593955894,0.01987199999999978
2.2800000000000002,0.15786462536476534,0.04319088750790754,0.4499999999999998,0.1587161433723038,0.1000000000000078,-2.220446049250313e-16,0.15620364718142604,-0.0568091124921063,0.019967999999999764
2.29,0.1587161433723038,0.04325275324458785,0.4499999999999998,0.1587161433723038,0.1000000000000078,-2.220446049250313e-16,0.15871614337230383,-0.056747246755426604,0.019999999999999796
2.3000000000000003,0.15956766137984224,0.04319088750790693,0.4499999999999998,0.1587161433723038,0.1000000000000078,-2.220446049250313e-16,0.1612286395631816,-0.056809112492108134,0.019967999999999764
2.31,0.16042103603389116,0.04300515540605608,0.4499999999999998,0.1587161433723038,0.1000000000000078,-2.220446049250313e-16,0.16373643727850892,-0.05699484459395959,0.01987199999999978
2.32,0.1612781280291857,0.04269515196949181,0.4499999999999998,0.1587161433723038,0.1000000000000078,-2.220446049250313e-16,0.16623486796103215,-0.05730484803052446,0.019711999999999785
2.33,0.16214080616573728,0.04226020126794186,0.4499999999999998,0.1587161433723038,0.1000000000000078,-2.220446049250313e-16,0.1687193227968205,-0.05773979873207501,0.019487999999999783
2.34,0.1630109514235578,0.041699354936609354,0.4499999999999998,0.1587161433723038,0.1000000000000078,-2.220446049250313e-16,0.17118528235417324,-0.058300645063408096,0.019199999999999773
2.35,0.16389046106394076,0.04101139010836193,0.4499999999999998,0.1587161433723038,0.1000000000000078,-2.220446049250313e-16,0.17362834594440188,-0.0589886098916561,0.018847999999999754
2.36,0.16478125276624267,0.04019480674739724,0.4499999999999998,0.1587161433723038,0.1000000000000078,-2.220446049250313e-16,0.17604426061374268,-0.05980519325262135,0.018431999999999782
2.37,0.16568526880918344,0.039247824378570655,0.4499999999999998,0.1587161433723038,0.1000000000000078,-2.220446049250313e-16,0.17842894967732711,-0.060752175621448475,0.0179519999999998
2.38,0.16660448030578312,0.0381683782052543,0.4499999999999998,0.1587161433723038,0.1000000000000078,-2.220446049250313e-16,0.1807785407082179,-0.061831621794765354,0.017407999999999757
2.39,0.16754089150116921,0.03695411460726264,0.4499999999999998,0.1587161433723038,0.1000000000000078,-2.220446049250313e-16,0.18308939289699888,-0.06304588539275752,0.01679999999999976
2.4,0.16849654414262458,0.03560238600902818,0.4499999999999998,0.1587161433723038,0.1000000000000078,-2.220446049250313e-16,0.1853581237002744,-0.06439761399099246,0.016127999999999754
2.41,0.16947352193140547,0.03411024510683831,0.4499999999999998,0.1587161433723038,0.1000000000000078,-2.220446049250313e-16,0.1875816346996844,-0.06588975489318279,0.01539199999999974
2.42,0.1704739550660353,0.03247443844254594,0.4499999999999998,0.1587161433723038,0.1000000000000078,-2.220446049250313e-16,0.1897571365966567,-0.06752556155747559,0.014591999999999772
2.43,0.17150002488698116,0.030691399309741532,0.4499999999999998,0.1587161433723038,0.1000000000000078,-2.220446049250313e-16,0.1918821732720913,-0.0693086006902804,0.01372799999999974
2.44,0.17255396863284017,0.028757239976921617,0.4499999999999998,0.1587161433723038,0.1000000000000078,-2.220446049250313e-16,0.1939546448444809,-0.07124276002310069,0.012799999999999756
2.45,0.1736380843184055,0.026667743210693345,0.4499999999999998,0.1587161433723038,0.1000000000000078,-2.220446049250313e-16,0.19597282966460844,-0.07333225678932931,0.011807999999999763
2.46,0.17475473574524872,0.02441835308053568,0.4499999999999998,0.1587161433723038,0.1000000000000078,-2.220446049250313e-16,0.19793540518990696,-0.07558164691948728,0.010751999999999762
2.47,0.17590635765574375,0.02200416502506687,0.4499999999999998,0.1587161433723038,0.1000000000000078,-2.220446049250313e-16,0.19984146768679972,-0.07799583497495637,0.009631999999999752
2.48,0.1770954610417693,0.019419915158157497,0.4499999999999998,0.1587161433723038,0.1000000000000078,-2.220446049250313e-16,0.20169055071484204,-0.08058008484186599,0.008447999999999734
2.49,0.17832463861966563,0.01665996879157415,0.4499999999999998,0.1587161433723038,0.1000000000000078,-2.220446049250313e-16,0.2034826423522432,-0.08334003120844954,0.007199999999999762
2.5,0.17959657048338334,0.013718308149127764,0.4499999999999998,0.1587161433723038,0.1000000000000078,-2.220446049250313e-16,0.20521820112833186,-0.0862816918508961,0.005887999999999727
2.5100000000000002,0.18091402994814926,0.010588519245537095,0.4499999999999998,0.1587161433723038,0.1000000000000078,-2.220446049250313e-16,0.20689817063472268,-0.0894114807544869,0.0045119999999997384
2.52,0.18227988959739239,0.007263777901401813,0.4499999999999998,0.1587161433723038,0.1000000000000078,-2.220446049250313e-16,0.20852399279332554,-0.09273622209862227,0.0030719999999997416
2.5300000000000002,0.18369712754611328,0.0037368348637874527,0.4499999999999998,0.1587161433723038,0.1000000000000078,-2.220446049250313e-16,0.2100976197658821,-0.0962631651362367,0.0015679999999997363
2.54,0.18516883393435446,-1.6459056340067946e-14,0.4499999999999998,0.1587161433723038,0.1000000000000078,-2.220446049250313e-16,0.2116215244964051,-0.10000000000004063,-2.7755575615628914e-16
2.5500000000000003,0.18516883393435446,-1.6459056340067946e-14,0.44999999999999973,0.15871614337230386,0.1000000000000078,-2.7755575615628914e-16,0.2116215244964051,-0.10000000000004063,-2.7755575615628914e-16
2.56,0.18664054032259567,-0.0037368348638192467,0.44999999999999973,0.16024004810282688,0.09626316513620511,0.0015679999999997363,0.2116215244964051,-0.10000000000004063,-2.7755575615628914e-16
2.57,0.18805777827131656,-0.007263777901432497,0.44999999999999973,0.1618136750753834,0.09273622209859217,0.0030719999999997416,0.2116215244964051,-0.10000000000004063,-2.7755575615628914e-16
2.58,0.18942363792055966,-0.01058851924556671,0.44999999999999973,0.16343949723398624,0.08941148075445846,0.0045119999999997384,0.2116215244964051,-0.10000000000004063,-2.7755575615628914e-16
2.59,0.19074109738532558,-0.0137183081491562,0.44999999999999973,0.16511946674037709,0.08628169185086966,0.005887999999999727,0.2116215244964051,-0.10000000000004063,-2.7755575615628914e-16
2.6,0.19201302924904323,-0.01665996879160156,0.44999999999999973,0.1668550255164657,0.08334003120842519,0.007199999999999707,0.2116215244964051,-0.10000000000004063,-2.7755575615628914e-16
2.61,0.1932422068269396,-0.019419915158183698,0.44999999999999973,0.16864711715386688,0.08058008484184413,0.008447999999999734,0.2116215244964051,-0.10000000000004063,-2.7755575615628914e-16
2.62,0.19443131021296514,-0.022004165025091935,0.44999999999999973,0.1704962001819092,0.07799583497493717,0.009631999999999696,0.2116215244964051,-0.10000000000004063,-2.7755575615628914e-16
2.63,0.19558293212346017,-0.024418353080559563,0.44999999999999973,0.17240226267880196,0.07558164691947099,0.010751999999999706,0.2116215244964051,-0.10000000000004063,-2.7755575615628914e-16
2.64,0.19669958355030343,-0.026667743210715966,0.44999999999999973,0.1743648382041005,0.07333225678931621,0.011807999999999708,0.2116215244964051,-0.10000000000004063,-2.7755575615628914e-16
2.65,0.19778369923586872,-0.028757239976943058,0.44999999999999973,0.176383023024228,0.0712427600230909,0.0127999999999997,0.2116215244964051,-0.10000000000004063,-2.7755575615628914e-16
2.66,0.1988376429817277,-0.030691399309761752,0.44999999999999973,0.17845549459661758,0.06930860069027417,0.01372799999999974,0.2116215244964051,-0.10000000000004063,-2.7755575615628914e-16
2.67,0.1998637128026736,-0.03247443844256481,0.44999999999999973,0.18058053127205223,0.06752556155747323,0.014591999999999716,0.2116215244964051,-0.10000000000004063,-2.7755575615628914e-16
2.68,0.20086414593730342,-0.03411024510685598,0.44999999999999973,0.18275603316902456,0.06588975489318431,0.01539199999999974,0.2116215244964051,-0.10000000000004063,-2.7755575615628914e-16
2.69,0.2018411237260843,-0.03560238600904447,0.44999999999999973,0.18497954416843448,0.06439761399099822,0.016127999999999698,0.2116215244964051,-0.10000000000004063,-2.7755575615628914e-16
2.7,0.20279677636753968,-0.036954114607277516,0.44999999999999973,0.18724827497171004,0.0630458853927677,0.016799999999999704,0.2116215244964051,-0.10000000000004063,-2.7755575615628914e-16
2.71,0.20373318756292577,-0.038168378205267764,0.44999999999999973,0.18955912716049106,0.06183162179478009,0.0174079999999997,0.2116215244964051,-0.10000000000004063,-2.7755575615628914e-16
2.72,0.20465239905952545,-0.03924782437858266,0.44999999999999973,0.1919087181913818,0.060752175621467945,0.017951999999999746,0.2116215244964051,-0.10000000000004063,-2.7755575615628914e-16
2.73,0.20555641510246622,-0.040194806747407726,0.44999999999999973,0.19429340725496624,0.05980519325264572,0.018431999999999726,0.2116215244964051,-0.10000000000004063,-2.7755575615628914e-16
2.74,0.20644720680476814,-0.04101139010837086,0.44999999999999973,0.19670932192430707,0.058988609891685514,0.0188479999999997,0.2116215244964051,-0.10000000000004063,-2.7755575615628914e-16
2.75,0.2073267164451511,-0.04169935493661667,0.44999999999999973,0.1991523855145357,0.05830064506344272,0.019199999999999717,0.2116215244964051,-0.10000000000004063,-2.7755575615628914e-16
2.7600000000000002,0.20819686170297158,-0.04226020126794755,0.44999999999999973,0.20161834507188842,0.057739798732114905,0.019487999999999728,0.2116215244964051,-0.10000000000004063,-2.7755575615628914e-16
2.77,0.2090595398395232,-0.04269515196949579,0.44999999999999973,0.20410279990767677,0.057304848030569774,0.01971199999999973,0.2116215244964051,-0.10000000000004063,-2.7755575615628914e-16
2.7800000000000002,0.20991663183481774,-0.04300515540605825,0.44999999999999973,0.2066012305902,0.05699484459401046,0.019871999999999723,0.2116215244964051,-0.10000000000004063,-2.7755575615628914e-16
2.79,0.21077000648886662,-0.043190887507907234,0.44999999999999973,0.20910902830552733,0.05680911249216467,0.019967999999999708,0.2116215244964051,-0.10000000000004063,-2.7755575615628914e-16
2.8000000000000003,0.21162152449640506,-0.04325275324458626,0.44999999999999973,0.2116215244964051,0.05674724675548884,0.01999999999999974,0.2116215244964051,-0.10000000000004063,-2.7755575615628914e-16
2.81,0.21247304250394353,-0.04319088750790398,0.44999999999999973,0.21413402068728288,0.056809112492174296,0.019967999999999708,0.2116215244964051,-0.10000000000004063,-2.7755575615628914e-16
2.82,0.21332641715799244,-0.043005155406051696,0.44999999999999973,0.2166418184026102,0.05699484459402977,0.019871999999999723,0.2116215244964051,-0.10000000000004063,-2.7755575615628914e-16
2.83,0.214183509153287,-0.0426951519694859,0.44999999999999973,0.21914024908513344,0.057304848030598717,0.01971199999999973,0.2116215244964051,-0.10000000000004063,-2.7755575615628914e-16
2.84,0.2150461872898386,-0.04226020126793435,0.44999999999999973,0.22162470392092182,0.057739798732153375,0.019487999999999728,0.2116215244964051,-0.10000000000004063,-2.7755575615628914e-16
2.85,0.21591633254765907,-0.04169935493660015,0.44999999999999973,0.2240906634782745,0.05830064506349064,0.019199999999999717,0.2116215244964051,-0.10000000000004063,-2.7755575615628914e-16
2.86,0.21679584218804204,-0.04101139010835095,0.44999999999999973,0.22653372706850317,0.05898860989174286,0.0188479999999997,0.2116215244964051,-0.10000000000004063,-2.7755575615628914e-16
2.87,0.21768663389034396,-0.040194806747384376,0.44999999999999973,0.22894964173784396,0.05980519325271236,0.018431999999999726,0.2116215244964051,-0.10000000000004063,-2.7755575615628914e-16
2.88,0.21859064993328473,-0.03924782437855581,0.44999999999999973,0.2313343308014284,0.060752175621543766,0.017951999999999746,0.2116215244964051,-0.10000000000004063,-2.7755575615628914e-16
2.89,0.2195098614298844,-0.03816837820523737,0.44999999999999973,0.23368392183231917,0.061831621794864955,0.0174079999999997,0.2116215244964051,-0.10000000000004063,-2.7755575615628914e-16
2.9,0.2204462726252705,-0.03695411460724353,0.44999999999999973,0.23599477402110017,0.06304588539286143,0.016799999999999704,0.2116215244964051,-0.10000000000004063,-2.7755575615628914e-16
2.91,0.22140192526672586,-0.03560238600900675,0.44999999999999973,0.2382635048243757,0.06439761399110074,0.016127999999999698,0.2116215244964051,-0.10000000000004063,-2.7755575615628914e-16
2.92,0.22237890305550673,-0.03411024510681447,0.44999999999999973,0.24048701582378562,0.06588975489329542,0.015391999999999684,0.2116215244964051,-0.10000000000004063,-2.7755575615628914e-16
2.93,0.22337933619013658,-0.03247443844251954,0.44999999999999973,0.24266251772075798,0.0675255615575926,0.014591999999999716,0.2116215244964051,-0.10000000000004063,-2.7755575615628914e-16
2.94,0.22440540601108244,-0.030691399309712458,0.44999999999999973,0.2447875543961926,0.0693086006904018,0.013727999999999685,0.2116215244964051,-0.10000000000004063,-2.7755575615628914e-16
2.95,0.22545934975694146,-0.02875723997688974,0.44999999999999973,0.2468600259685822,0.07124276002322648,0.0127999999999997,0.2116215244964051,-0.10000000000004063,-2.7755575615628914e-16
2.96,0.22654346544250675,-0.026667743210658512,0.44999999999999973,0.2488782107887097,0.0733322567894595,0.011807999999999708,0.2116215244964051,-0.10000000000004063,-2.7755575615628914e-16
2.97,0.22766011686934998,-0.02441835308049775,0.44999999999999973,0.2508407863140082,0.07558164691962188,0.010751999999999706,0.2116215244964051,-0.10000000000004063,-2.7755575615628914e-16
2.98,0.22881173877984504,-0.022004165025025682,0.44999999999999973,0.252746848810901,0.0779958349750954,0.009631999999999696,0.2116215244964051,-0.10000000000004063,-2.7755575615628914e-16
2.99,0.23000084216587058,-0.019419915158112908,0.44999999999999973,0.2545959318389433,0.08058008484200944,0.008447999999999678,0.2116215244964051,-0.10000000000004063,-2.7755575615628914e-16
3.0,0.23123001974376692,-0.016659968791525967,0.44999999999999973,0.2563880234763445,0.08334003120859747,0.007199999999999707,0.2116215244964051,-0.10000000000004063,-2.7755575615628914e-16
3.0100000000000002,0.23250195160748463,-0.01371830814907582,0.44999999999999973,0.25812358225243315,0.0862816918510485,0.005887999999999671,0.2116215244964051,-0.10000000000004063,-2.7755575615628914e-16
3.02,0.23381941107225054,-0.01058851924548121,0.44999999999999973,0.25980355175882397,0.08941148075464381,0.004511999999999683,0.2116215244964051,-0.10000000000004063,-2.7755575615628914e-16
3.0300000000000002,0.23518527072149364,-0.007263777901341792,0.44999999999999973,0.2614293739174268,0.09273622209878372,0.003071999999999686,0.2116215244964051,-0.10000000000004063,-2.7755575615628914e-16
3.04,0.23660250867021457,-0.0037368348637230875,0.44999999999999973,0.26300300088998335,0.09626316513640273,0.0015679999999996808,0.2116215244964051,-0.10000000000004063,-2.7755575615628914e-16
3.0500000000000003,0.23807421505845572,8.537615059367454e-14,0.44999999999999973,0.26452690562050635,0.1000000000002113,-3.3306690738754696e-16,0.2116215244964051,-0.10000000000004063,-2.7755575615628914e-16
3.06,0.23807421505845572,8.537615059367454e-14,0.4499999999999997,0.26452690562050635,0.1000000000002113,-3.3306690738754696e-16,0.21162152449640512,-0.10000000000004063,-3.3306690738754696e-16
3.0700000000000003,0.23954592144669692,0.0037368348638880527,0.4499999999999997,0.26452690562050635,0.1000000000002113,-3.3306690738754696e-16,0.21314542922692817,-0.09626316513623848,0.0015679999999996808
3.08,0.24096315939541785,0.00726377790150097,0.4499999999999997,0.26452690562050635,0.1000000000002113,-3.3306690738754696e-16,0.21471905619948473,-0.09273622209862713,0.003071999999999686
3.09,0.24232901904466095,0.010588519245634628,0.4499999999999997,0.26452690562050635,0.1000000000002113,-3.3306690738754696e-16,0.21634487835808755,-0.08941148075449606,0.004511999999999683
3.1,0.24364647850942683,0.01371830814922334,0.4499999999999997,0.26452690562050635,0.1000000000002113,-3.3306690738754696e-16,0.21802484786447837,-0.08628169185091099,0.005887999999999671
3.11,0.2449184103731445,0.016659968791667687,0.4499999999999997,0.26452690562050635,0.1000000000002113,-3.3306690738754696e-16,0.21976040664056698,-0.08334003120847129,0.007199999999999651
3.12,0.24614758795104086,0.019419915158248605,0.4499999999999997,0.26452690562050635,0.1000000000002113,-3.3306690738754696e-16,0.22155249827796814,-0.08058008484189601,0.008447999999999678
3.13,0.2473366913370664,0.022004165025155356,0.4499999999999997,0.26452690562050635,0.1000000000002113,-3.3306690738754696e-16,0.22340158130601048,-0.07799583497499588,0.00963199999999964
3.14,0.24848831324756146,0.02441835308062129,0.4499999999999997,0.26452690562050635,0.1000000000002113,-3.3306690738754696e-16,0.22530764380290327,-0.07558164691953749,0.01075199999999965
3.15,0.24960496467440468,0.026667743210775766,0.4499999999999997,0.26452690562050635,0.1000000000002113,-3.3306690738754696e-16,0.22727021932820177,-0.0733322567893915,0.011807999999999652
3.16,0.25068908035996995,0.02875723997700068,0.4499999999999997,0.26452690562050635,0.1000000000002113,-3.3306690738754696e-16,0.22928840414832924,-0.07124276002317595,0.012799999999999645
3.17,0.251743024105829,0.030691399309816944,0.4499999999999997,0.26452690562050635,0.1000000000002113,-3.3306690738754696e-16,0.2313608757207189,-0.06930860069036988,0.013727999999999685
3.18,0.2527690939267749,0.03247443844261734,0.4499999999999997,0.26452690562050635,0.1000000000002113,-3.3306690738754696e-16,0.23348591239615354,-0.06752556155758051,0.01459199999999966
3.19,0.25376952706140465,0.034110245106905565,0.4499999999999997,0.26452690562050635,0.1000000000002113,-3.3306690738754696e-16,0.2356614142931258,-0.06588975489330405,0.015391999999999684
3.2,0.2547465048501856,0.03560238600909087,0.4499999999999997,0.26452690562050635,0.1000000000002113,-3.3306690738754696e-16,0.23788492529253577,-0.06439761399113124,0.016127999999999643
3.21,0.25570215749164094,0.03695411460732044,0.4499999999999997,0.26452690562050635,0.1000000000002113,-3.3306690738754696e-16,0.24015365609581132,-0.06304588539291482,0.01679999999999965
3.22,0.256638568687027,0.03816837820530694,0.4499999999999997,0.26452690562050635,0.1000000000002113,-3.3306690738754696e-16,0.2424645082845923,-0.06183162179494209,0.017407999999999646
3.23,0.25755778018362674,0.039247824378617804,0.4499999999999997,0.26452690562050635,0.1000000000002113,-3.3306690738754696e-16,0.24481409931548312,-0.06075217562164556,0.01795199999999969
3.24,0.25846179622656745,0.04019480674743854,0.4499999999999997,0.26452690562050635,0.1000000000002113,-3.3306690738754696e-16,0.24719878837906747,-0.05980519325283966,0.01843199999999967
3.25,0.2593525879288694,0.04101139010839704,0.4499999999999997,0.26452690562050635,0.1000000000002113,-3.3306690738754696e-16,0.24961470304840833,-0.05898860989189645,0.018847999999999643
3.2600000000000002,0.26023209756925236,0.0416993549366379,0.4499999999999997,0.26452690562050635,0.1000000000002113,-3.3306690738754696e-16,0.252057766638637,-0.05830064506367125,0.019199999999999662
3.27,0.26110224282707284,0.04226020126796351,0.4499999999999997,0.26452690562050635,0.1000000000002113,-3.3306690738754696e-16,0.2545237261959897,-0.05773979873236164,0.019487999999999672
3.2800000000000002,0.26196492096362445,0.04269515196950614,0.4499999999999997,0.26452690562050635,0.1000000000002113,-3.3306690738754696e-16,0.257008181031778,-0.057304848030835256,0.019711999999999674
3.29,0.262822012958919,0.04300515540606264,0.4499999999999997,0.26452690562050635,0.1000000000002113,-3.3306690738754696e-16,0.2595066117143013,-0.056994844594295206,0.019871999999999668
3.3000000000000003,0.2636753876129679,0.0431908875079053,0.4499999999999997,0.26452690562050635,0.1000000000002113,-3.3306690738754696e-16,0.2620144094296286,-0.056809112492469116,0.019967999999999653
3.31,0.26452690562050635,0.04325275324457762,0.4499999999999997,0.26452690562050635,0.1000000000002113,-3.3306690738754696e-16,0.2645269056205064,-0.05674724675581345,0.019999999999999685
3.3200000000000003,0.2653784236280448,0.04319088750788825,0.4499999999999997,0.26452690562050635,0.1000000000002113,-3.3306690738754696e-16,0.26703940181138414,-0.05680911249251946,0.019967999999999653
3.33,0.2662317982820937,0.04300515540602847,0.4499999999999997,0.26452690562050635,0.1000000000002113,-3.3306690738754696e-16,0.26954719952671147,-0.056994844594395806,0.019871999999999668
3.34,0.26708889027738825,0.04269515196945475,0.4499999999999997,0.26452690562050635,0.1000000000002113,-3.3306690738754696e-16,0.2720456302092347,-0.05730484803098597,0.019711999999999674
3.35,0.26795156841393986,0.04226020126789484,0.4499999999999997,0.26452690562050635,0.1000000000002113,-3.3306690738754696e-16,0.2745300850450231,-0.05773979873256213,0.019487999999999672
3.36,0.26882171367176033,0.04169935493655182,0.4499999999999997,0.26452690562050635,0.1000000000002113,-3.3306690738754696e-16,0.27699604460237576,-0.05830064506392115,0.019199999999999662
3.37,0.2697012233121433,0.04101139010829332,0.4499999999999997,0.26452690562050635,0.1000000000002113,-3.3306690738754696e-16,0.2794391081926044,-0.05898860989219531,0.018847999999999643
3.38,0.27059201501444524,0.04019480674731696,0.4499999999999997,0.26452690562050635,0.1000000000002113,-3.3306690738754696e-16,0.28185502286194525,-0.059805193253186964,0.01843199999999967
3.39,0.27149603105738596,0.039247824378478076,0.4499999999999997,0.26452690562050635,0.1000000000002113,-3.3306690738754696e-16,0.28423971192552966,-0.06075217562204068,0.01795199999999969
3.4,0.27241524255398564,0.03816837820514878,0.4499999999999997,0.26452690562050635,0.1000000000002113,-3.3306690738754696e-16,0.2865893029564204,-0.06183162179538431,0.017407999999999646
3.41,0.27335165374937176,0.03695411460714351,0.4499999999999997,0.26452690562050635,0.1000000000002113,-3.3306690738754696e-16,0.28890015514520145,-0.06304588539340335,0.01679999999999965
3.42,0.2743073063908271,0.03560238600889473,0.4499999999999997,0.26452690562050635,0.1000000000002113,-3.3306690738754696e-16,0.29116888594847695,-0.06439761399166528,0.016127999999999643
3.43,0.275284284179608,0.03411024510668982,0.4499999999999997,0.26452690562050635,0.1000000000002113,-3.3306690738754696e-16,0.2933923969478869,-0.06588975489388268,0.015391999999999628
3.44,0.27628471731423787,0.03247443844238164,0.4499999999999997,0.26452690562050635,0.1000000000002113,-3.3306690738754696e-16,0.2955678988448593,-0.06752556155820263,0.01459199999999966
3.45,0.2773107871351837,0.030691399309560607,0.4499999999999997,0.26452690562050635,0.1000000000002113,-3.3306690738754696e-16,0.29769293552029386,-0.06930860069103469,0.01372799999999963
3.46,0.27836473088104274,0.028757239976723234,0.4499999999999997,0.26452690562050635,0.1000000000002113,-3.3306690738754696e-16,0.2997654070926835,-0.07124276002388226,0.012799999999999645
3.47,0.279448846566608,0.02666774321047663,0.4499999999999997,0.26452690562050635,0.1000000000002113,-3.3306690738754696e-16,0.30178359191281096,-0.07333225679013823,0.011807999999999652
3.48,0.28056549799345126,0.024418353080299715,0.4499999999999997,0.26452690562050635,0.1000000000002113,-3.3306690738754696e-16,0.3037461674381095,-0.07558164692032363,0.01075199999999965
3.49,0.2817171199039463,0.022004165024810687,0.4499999999999997,0.26452690562050635,0.1000000000002113,-3.3306690738754696e-16,0.3056522299350023,-0.0779958349758202,0.00963199999999964
3.5,0.28290622328997184,0.01941991515788012,0.4499999999999997,0.26452690562050635,0.1000000000002113,-3.3306690738754696e-16,0.3075013129630446,-0.08058008484275739,0.008447999999999622
3.5100000000000002,0.2841354008678682,0.0166599687912745,0.4499999999999997,0.26452690562050635,0.1000000000002113,-3.3306690738754696e-16,0.3092934046004458,-0.08334003120936864,0.007199999999999651
3.52,0.2854073327315859,0.013718308148804759,0.4499999999999997,0.26452690562050635,0.1000000000002113,-3.3306690738754696e-16,0.3110289633765344,-0.08628169185184303,0.005887999999999616
3.5300000000000002,0.2867247921963518,0.010588519245189595,0.4499999999999997,0.26452690562050635,0.1000000000002113,-3.3306690738754696e-16,0.31270893288292523,-0.08941148075546183,0.004511999999999627
3.54,0.2880906518455949,0.007263777901028612,0.4499999999999997,0.26452690562050635,0.1000000000002113,-3.3306690738754696e-16,0.3143347550415281,-0.09273622209962541,0.0030719999999996306
3.5500000000000003,0.28950788979431585,0.0037368348633872867,0.4499999999999997,0.26452690562050635,0.1000000000002113,-3.3306690738754696e-16,0.31590838201408467,-0.0962631651372683,0.0015679999999996252
3.56,0.290979596182557,-4.4490799933072367e-13,0.4499999999999997,0.26452690562050635,0.1000000000002113,-3.3306690738754696e-16,0.3174322867446076,-0.10000000000110103,-3.885780586188048e-16
3.5700000000000003,0.290979596182557,-4.4490799933072367e-13,0.4499999999999996,0.2645269056205064,0.1000000000002113,-3.885780586188048e-16,0.3174322867446076,-0.10000000000110103,-3.885780586188048e-16
3.58,0.29245130257079816,-0.0037368348642470017,0.4499999999999996,0.2660508103510294,0.09626316513641192,0.0015679999999996252,0.3174322867446076,-0.10000000000110103,-3.885780586188048e-16
3.59,0.2938685405195191,-0.007263777901858198,0.4499999999999996,0.267624437323586,0.0927362220988089,0.0030719999999996306,0.3174322867446076,-0.10000000000110103,-3.885780586188048e-16
3.6,0.2952344001687622,-0.010588519245988956,0.4499999999999996,0.2692502594821888,0.08941148075469171,0.004511999999999627,0.3174322867446076,-0.10000000000110103,-3.885780586188048e-16
3.61,0.2965518596335281,-0.013718308149573602,0.4499999999999996,0.2709302289885796,0.086281691851126,0.005887999999999616,0.3174322867446076,-0.10000000000110103,-3.885780586188048e-16
3.62,0.29782379149724575,-0.016659968792012703,0.4499999999999996,0.2726657877646682,0.08334003120871111,0.007199999999999596,0.3174322867446076,-0.10000000000110103,-3.885780586188048e-16
3.63,0.2990529690751421,-0.019419915158587195,0.4499999999999996,0.2744578794020694,0.08058008484216601,0.008447999999999622,0.3174322867446076,-0.10000000000110103,-3.885780586188048e-16
3.64,0.30024207246116763,-0.022004165025486327,0.4499999999999996,0.2763069624301117,0.07799583497530134,0.009631999999999585,0.3174322867446076,-0.10000000000110103,-3.885780586188048e-16
3.65,0.3013936943716627,-0.02441835308094341,0.4499999999999996,0.2782130249270045,0.07558164691988366,0.010751999999999595,0.3174322867446076,-0.10000000000110103,-3.885780586188048e-16
3.66,0.30251034579850594,-0.026667743211087794,0.4499999999999996,0.28017560045230305,0.07333225678978345,0.011807999999999597,0.3174322867446076,-0.10000000000110103,-3.885780586188048e-16
3.67,0.3035944614840712,-0.028757239977301355,0.4499999999999996,0.2821937852724305,0.07124276002361865,0.01279999999999959,0.3174322867446076,-0.10000000000110103,-3.885780586188048e-16
3.68,0.30464840522993025,-0.03069139931010499,0.4499999999999996,0.28426625684482015,0.06930860069086821,0.01372799999999963,0.3174322867446076,-0.10000000000110103,-3.885780586188048e-16
3.69,0.30567447505087614,-0.03247443844289144,0.4499999999999996,0.2863912935202548,0.06752556155813914,0.014591999999999605,0.3174322867446076,-0.10000000000110103,-3.885780586188048e-16
3.7,0.3066749081855059,-0.0341102451071644,0.4499999999999996,0.288566795417227,0.06588975489392754,0.015391999999999628,0.3174322867446076,-0.10000000000110103,-3.885780586188048e-16
3.71,0.30765188597428683,-0.035602386009333034,0.4499999999999996,0.29079030641663706,0.064397613991824,0.016127999999999587,0.3174322867446076,-0.10000000000110103,-3.885780586188048e-16
3.72,0.3086075386157422,-0.03695411460754454,0.4499999999999996,0.29305903721991255,0.06304588539368106,0.016799999999999593,0.3174322867446076,-0.10000000000110103,-3.885780586188048e-16
3.73,0.30954394981112826,-0.03816837820551151,0.4499999999999996,0.2953698894086935,0.06183162179578586,0.01740799999999959,0.3174322867446076,-0.10000000000110103,-3.885780586188048e-16
3.74,0.310463161307728,-0.039247824378801366,0.4499999999999996,0.29771948043958435,0.060752175622570695,0.017951999999999635,0.3174322867446076,-0.10000000000110103,-3.885780586188048e-16
3.75,0.3113671773506687,-0.040194806747599544,0.4499999999999996,0.3001041695031687,0.05980519325384983,0.018431999999999615,0.3174322867446076,-0.10000000000110103,-3.885780586188048e-16
3.7600000000000002,0.31225796905297065,-0.0410113901085339,0.4499999999999996,0.3025200841725096,0.05898860989299512,0.018847999999999587,0.3174322867446076,-0.10000000000110103,-3.885780586188048e-16
3.77,0.3131374786933536,-0.04169935493674897,0.4499999999999996,0.3049631477627382,0.05830064506486169,0.019199999999999606,0.3174322867446076,-0.10000000000110103,-3.885780586188048e-16
3.7800000000000002,0.3140076239511741,-0.042260201268047096,0.4499999999999996,0.30742910732009093,0.0577397987336469,0.019487999999999617,0.3174322867446076,-0.10000000000110103,-3.885780586188048e-16
3.79,0.3148703020877257,-0.04269515196956048,0.4499999999999996,0.3099135621558793,0.0573048480322182,0.01971199999999962,0.3174322867446076,-0.10000000000110103,-3.885780586188048e-16
3.8000000000000003,0.31572739408302025,-0.04300515540608592,0.4499999999999996,0.31241199283840254,0.05699484459577847,0.019871999999999612,0.3174322867446076,-0.10000000000110103,-3.885780586188048e-16
3.81,0.31658076873706914,-0.043190887507895626,0.4499999999999996,0.3149197905537299,0.05680911249405515,0.019967999999999597,0.3174322867446076,-0.10000000000110103,-3.885780586188048e-16
3.8200000000000003,0.3174322867446076,-0.04325275324453303,0.4499999999999996,0.3174322867446076,0.056747246757504484,0.01999999999999963,0.3174322867446076,-0.10000000000110103,-3.885780586188048e-16
3.83,0.31828380475214607,-0.04319088750780671,0.4499999999999996,0.3199447829354854,0.05680911249431754,0.019967999999999597,0.3174322867446076,-0.10000000000110103,-3.885780586188048e-16
3.84,0.31913717940619496,-0.04300515540590786,0.4499999999999996,0.3224525806508127,0.05699484459630278,0.019871999999999612,0.3174322867446076,-0.10000000000110103,-3.885780586188048e-16
3.85,0.3199942714014895,-0.04269515196929287,0.4499999999999996,0.324951011333336,0.05730484803300348,0.01971199999999962,0.3174322867446076,-0.10000000000110103,-3.885780586188048e-16
3.86,0.3208569495380411,-0.042260201267689396,0.4499999999999996,0.32743546616912433,0.057739798734691636,0.019487999999999617,0.3174322867446076,-0.10000000000110103,-3.885780586188048e-16
3.87,0.3217270947958616,-0.04169935493630043,0.4499999999999996,0.329901425726477,0.05830064506616394,0.019199999999999606,0.3174322867446076,-0.10000000000110103,-3.885780586188048e-16
3.88,0.32260660443624456,-0.041011390107993484,0.4499999999999996,0.3323444893167057,0.05898860989455253,0.018847999999999587,0.3174322867446076,-0.10000000000110103,-3.885780586188048e-16
3.89,0.3234973961385465,-0.040194806746966086,0.4499999999999996,0.3347604039860465,0.05980519325565957,0.018431999999999615,0.3174322867446076,-0.10000000000110103,-3.885780586188048e-16
3.9,0.3244014121814872,-0.03924782437807347,0.4499999999999996,0.33714509304963086,0.0607521756246295,0.017951999999999635,0.3174322867446076,-0.10000000000110103,-3.885780586188048e-16
3.91,0.3253206236780869,-0.03816837820468761,0.4499999999999996,0.33949468408052164,0.06183162179809005,0.01740799999999959,0.3174322867446076,-0.10000000000110103,-3.885780586188048e-16
3.92,0.326257034873473,-0.03695411460662283,0.4499999999999996,0.3418055362693027,0.0630458853962266,0.016799999999999593,0.3174322867446076,-0.10000000000110103,-3.885780586188048e-16
3.93,0.3272126875149284,-0.035602386008311476,0.4499999999999996,0.3440742670725782,0.06439761399460651,0.016127999999999587,0.3174322867446076,-0.10000000000110103,-3.885780586188048e-16
3.94,0.32818966530370924,-0.03411024510604077,0.4499999999999996,0.34629777807198814,0.06588975489694232,0.015391999999999573,0.3174322867446076,-0.10000000000110103,-3.885780586188048e-16
3.95,0.32919009843833913,-0.03247443844166342,0.4499999999999996,0.3484732799689605,0.06752556156138102,0.014591999999999605,0.3174322867446076,-0.10000000000110103,-3.885780586188048e-16
3.96,0.33021616825928496,-0.03069139930876974,0.4499999999999996,0.3505983166443951,0.06930860069433209,0.013727999999999574,0.3174322867446076,-0.10000000000110103,-3.885780586188048e-16
3.97,0.331270112005144,-0.028757239975856053,0.4499999999999996,0.35267078821678477,0.07124276002729897,0.01279999999999959,0.3174322867446076,-0.10000000000110103,-3.885780586188048e-16
3.98,0.33235422769070927,-0.02666774320952929,0.4499999999999996,0.3546889730369122,0.0733322567936745,0.011807999999999597,0.3174322867446076,-0.10000000000110103,-3.885780586188048e-16
3.99,0.3334708791175525,-0.02441835307926822,0.4499999999999996,0.35665154856221076,0.07558164692397974,0.010751999999999595,0.3174322867446076,-0.10000000000110103,-3.885780586188048e-16
4.0,0.3346225010280476,-0.022004165023690847,0.4499999999999996,0.35855761105910355,0.07799583497959652,0.009631999999999585,0.3174322867446076,-0.10000000000110103,-3.885780586188048e-16
4.01,0.3358116044140731,-0.01941991515666755,0.4499999999999996,0.3604066940871458,0.08058008484665427,0.008447999999999567,0.3174322867446076,-0.10000000000110103,-3.885780586188048e-16
4.0200000000000005,0.3370407819919694,-0.016659968789964633,0.4499999999999996,0.36219878572454695,0.08334003121338658,0.007199999999999596,0.3174322867446076,-0.10000000000110103,-3.885780586188048e-16
4.03,0.3383127138556872,-0.013718308147392777,0.4499999999999996,0.36393434450063566,0.08628169185598265,0.00588799999999956,0.3174322867446076,-0.10000000000110103,-3.885780586188048e-16
4.04,0.3396301733204531,-0.010588519243670491,0.4499999999999996,0.36561431400702654,0.08941148075972387,0.004511999999999572,0.3174322867446076,-0.10000000000110103,-3.885780586188048e-16
4.05,0.34099603296969616,-0.007263777899397125,0.4499999999999996,0.36724013616562934,0.09273622210401081,0.003071999999999575,0.3174322867446076,-0.10000000000110103,-3.885780586188048e-16
4.0600000000000005,0.3424132709184171,-0.003736834861637922,0.4499999999999996,0.3688137631381859,0.09626316514177818,0.0015679999999995697,0.3174322867446076,-0.10000000000110103,-3.885780586188048e-16
4.07,0.34388497730665823,2.317895875236786e-12,0.4499999999999996,0.37033766786870886,0.10000000000573672,-4.440892098500626e-16,0.3174322867446076,-0.10000000000110103,-3.885780586188048e-16
4.08,0.34388497730665823,2.317895875236786e-12,0.44999999999999957,0.37033766786870886,0.10000000000573672,-4.440892098500626e-16,0.31743228674460766,-0.10000000000110103,-4.440892098500626e-16
4.09,0.3453566836948994,0.003736834866116978,0.44999999999999957,0.37033766786870886,0.10000000000573672,-4.440892098500626e-16,0.31895619147513066,-0.09626316513731614,0.0015679999999995697
4.1,0.34677392164362036,0.007263777903719126,0.44999999999999957,0.37033766786870886,0.10000000000573672,-4.440892098500626e-16,0.32052981844768724,-0.09273622209975656,0.003071999999999575
4.11,0.34813978129286344,0.010588519247834799,0.44999999999999957,0.37033766786870886,0.10000000000573672,-4.440892098500626e-16,0.32215564060629004,-0.08941148075571162,0.004511999999999572
4.12,0.34945724075762935,0.013718308151398267,0.44999999999999957,0.37033766786870886,0.10000000000573672,-4.440892098500626e-16,0.32383561011268086,-0.08628169185224678,0.00588799999999956
4.13,0.350729172621347,0.01665996879381007,0.44999999999999957,0.37033766786870886,0.10000000000573672,-4.440892098500626e-16,0.32557116888876947,-0.08334003120996114,0.00719999999999954
4.14,0.3519583501992434,0.01941991516035106,0.44999999999999957,0.37033766786870886,0.10000000000573672,-4.440892098500626e-16,0.32736326052617065,-0.08058008484357332,0.008447999999999567
4.15,0.3531474535852689,0.022004165027210434,0.44999999999999957,0.37033766786870886,0.10000000000573672,-4.440892098500626e-16,0.32921234355421297,-0.07799583497689352,0.00963199999999953
4.16,0.35429907549576395,0.024418353082621413,0.44999999999999957,0.37033766786870886,0.10000000000573672,-4.440892098500626e-16,0.33111840605110576,-0.07558164692168783,0.01075199999999954
4.17,0.3554157269226072,0.026667743212713257,0.44999999999999957,0.37033766786870886,0.10000000000573672,-4.440892098500626e-16,0.3330809815764043,-0.07333225679182616,0.011807999999999541
4.18,0.35649984260817247,0.0287572399788677,0.44999999999999957,0.37033766786870886,0.10000000000573672,-4.440892098500626e-16,0.33509916639653176,-0.07124276002592587,0.012799999999999534
4.19,0.3575537863540315,0.030691399311605527,0.44999999999999957,0.37033766786870886,0.10000000000573672,-4.440892098500626e-16,0.33717163796892136,-0.06930860069346519,0.013727999999999574
4.2,0.3585798561749774,0.03247443844431934,0.44999999999999957,0.37033766786870886,0.10000000000573672,-4.440892098500626e-16,0.33929667464435603,-0.06752556156105041,0.01459199999999955
4.21,0.35958028930960717,0.034110245108512655,0.44999999999999957,0.37033766786870886,0.10000000000573672,-4.440892098500626e-16,0.3414721765413283,-0.06588975489717683,0.015391999999999573
4.22,0.3605572670983881,0.03560238601059448,0.44999999999999957,0.37033766786870886,0.10000000000573672,-4.440892098500626e-16,0.3436956875407383,-0.06439761399543417,0.01612799999999953
4.23,0.36151291973984345,0.03695411460871181,0.44999999999999957,0.37033766786870886,0.10000000000573672,-4.440892098500626e-16,0.3459644183440138,-0.06304588539767414,0.016799999999999538
4.24,0.3624493309352295,0.03816837820657707,0.44999999999999957,0.37033766786870886,0.10000000000573672,-4.440892098500626e-16,0.3482752705327948,-0.06183162180018286,0.017407999999999535
4.25,0.36336854243182926,0.039247824379757414,0.44999999999999957,0.37033766786870886,0.10000000000573672,-4.440892098500626e-16,0.3506248615636856,-0.060752175627391734,0.01795199999999958
4.26,0.36427255847476997,0.040194806748438054,0.44999999999999957,0.37033766786870886,0.10000000000573672,-4.440892098500626e-16,0.35300955062726996,-0.05980519325911398,0.01843199999999956
4.2700000000000005,0.3651633501770719,0.0410113901092466,0.44999999999999957,0.37033766786870886,0.10000000000573672,-4.440892098500626e-16,0.35542546529661084,-0.05898860989872042,0.018847999999999532
4.28,0.3660428598174549,0.04169935493732731,0.44999999999999957,0.37033766786870886,0.10000000000573672,-4.440892098500626e-16,0.35786852888683945,-0.05830064507106515,0.01919999999999955
4.29,0.36691300507527536,0.04226020126848221,0.44999999999999957,0.37033766786870886,0.10000000000573672,-4.440892098500626e-16,0.3603344884441922,-0.05773979874034447,0.01948799999999956
4.3,0.36777568321182696,0.042695151969843234,0.44999999999999957,0.37033766786870886,0.10000000000573672,-4.440892098500626e-16,0.36281894327998054,-0.05730484803942473,0.019711999999999563
4.3100000000000005,0.3686327752071215,0.0430051554062068,0.44999999999999957,0.37033766786870886,0.10000000000573672,-4.440892098500626e-16,0.36531737396250374,-0.05699484460350777,0.019871999999999557
4.32,0.3694861498611704,0.043190887507844805,0.44999999999999957,0.37033766786870886,0.10000000000573672,-4.440892098500626e-16,0.3678251716778311,-0.05680911250231993,0.01996799999999954
4.33,0.37033766786870886,0.043252753244300286,0.44999999999999957,0.37033766786870886,0.10000000000573672,-4.440892098500626e-16,0.37033766786870886,-0.05674724676631641,0.019999999999999574
4.34,0.37118918587624733,0.043190887507381426,0.44999999999999957,0.37033766786870886,0.10000000000573672,-4.440892098500626e-16,0.37285016405958665,-0.056809112503687226,0.01996799999999954
4.3500000000000005,0.3720425605302962,0.043005155405278994,0.44999999999999957,0.37033766786870886,0.10000000000573672,-4.440892098500626e-16,0.375357961774914,-0.056994844606239825,0.019871999999999557
4.36,0.37289965252559076,0.042695151968448954,0.44999999999999957,0.37033766786870886,0.10000000000573672,-4.440892098500626e-16,0.3778563924574372,-0.05730484804351647,0.019711999999999563
4.37,0.3737623306621424,0.042260201266618475,0.44999999999999957,0.37033766786870886,0.10000000000573672,-4.440892098500626e-16,0.3803408472932256,-0.05773979874578823,0.01948799999999956
4.38,0.37463247591996285,0.04169935493499006,0.44999999999999957,0.37033766786870886,0.10000000000573672,-4.440892098500626e-16,0.3828068068505783,-0.05830064507785087,0.01919999999999955
4.39,0.3755119855603458,0.04101139010643071,0.44999999999999957,0.37033766786870886,0.10000000000573672,-4.440892098500626e-16,0.38524987044080694,-0.05898860990683565,0.018847999999999532
4.4,0.37640277726264776,0.04019480674513738,0.44999999999999957,0.37033766786870886,0.10000000000573672,-4.440892098500626e-16,0.38766578511014776,-0.05980519326854397,0.01843199999999956
4.41,0.3773067933055885,0.039247824375964746,0.44999999999999957,0.37033766786870886,0.10000000000573672,-4.440892098500626e-16,0.3900504741737321,-0.06075217563811949,0.01795199999999958
4.42,0.37822600480218815,0.038168378202284164,0.44999999999999957,0.37033766786870886,0.10000000000573672,-4.440892098500626e-16,0.3924000652046229,-0.06183162181218929,0.017407999999999535
4.43,0.3791624159975743,0.03695411460390932,0.44999999999999957,0.37033766786870886,0.10000000000573672,-4.440892098500626e-16,0.3947109173934039,-0.06304588541093811,0.016799999999999538
4.44,0.38011806863902964,0.03560238600527185,0.44999999999999957,0.37033766786870886,0.10000000000573672,-4.440892098500626e-16,0.39697964819667947,-0.06439761400993288,0.01612799999999953
4.45,0.3810950464278105,0.034110245102658324,0.44999999999999957,0.37033766786870886,0.10000000000573672,-4.440892098500626e-16,0.3992031591960894,-0.06588975491288558,0.015391999999999517
4.46,0.38209547956244033,0.032474438437920666,0.44999999999999957,0.37033766786870886,0.10000000000573672,-4.440892098500626e-16,0.4013786610930617,-0.06752556157794297,0.01459199999999955
4.47,0.3831215493833862,0.030691399304648384,0.44999999999999957,0.37033766786870886,0.10000000000573672,-4.440892098500626e-16,0.40350369776849637,-0.06930860071151429,0.013727999999999518
4.48,0.38417549312924526,0.02875723997133703,0.44999999999999957,0.37033766786870886,0.10000000000573672,-4.440892098500626e-16,0.40557616934088603,-0.07124276004510278,0.012799999999999534
4.49,0.38525960881481053,0.026667743204592628,0.44999999999999957,0.37033766786870886,0.10000000000573672,-4.440892098500626e-16,0.4075943541610135,-0.07333225681210134,0.011807999999999541
4.5,0.3863762602416538,0.024418353073893048,0.44999999999999957,0.37033766786870886,0.10000000000573672,-4.440892098500626e-16,0.409556929686312,-0.0755816469430311,0.01075199999999954
4.51,0.38752788215214884,0.022004165017855334,0.44999999999999957,0.37033766786870886,0.10000000000573672,-4.440892098500626e-16,0.4114629921832048,-0.0779958349992741,0.00963199999999953
4.5200000000000005,0.38871698553817435,0.019419915150348868,0.44999999999999957,0.37033766786870886,0.10000000000573672,-4.440892098500626e-16,0.4133120752112471,-0.08058008486696014,0.008447999999999511
4.53,0.3899461631160707,0.016659968783138898,0.44999999999999957,0.37033766786870886,0.10000000000573672,-4.440892098500626e-16,0.41510416684864826,-0.08334003123432328,0.00719999999999954
4.54,0.39121809497978843,0.013718308140034996,0.44999999999999957,0.37033766786870886,0.10000000000573672,-4.440892098500626e-16,0.4168397256247369,-0.08628169187755334,0.005887999999999505
4.55,0.3925355544445543,0.010588519235754518,0.44999999999999957,0.37033766786870886,0.10000000000573672,-4.440892098500626e-16,0.41851969513112774,-0.08941148078193245,0.004511999999999516
4.5600000000000005,0.3939014140937974,0.0072637778908955924,0.44999999999999957,0.37033766786870886,0.10000000000573672,-4.440892098500626e-16,0.4201455172897306,-0.09273622212686211,0.0030719999999995196
4.57,0.3953186520425183,0.003736834852522186,0.44999999999999957,0.37033766786870886,0.10000000000573672,-4.440892098500626e-16,0.4217191442622871,-0.09626316516527808,0.0015679999999995142
4.58,0.3967903584307595,-1.2077824851353114e-11,0.44999999999999957,0.37033766786870886,0.10000000000573672,-4.440892098500626e-16,0.4232430489928101,-0.10000000002989229,-4.996003610813204e-16
4.59,0.3967903584307595,-1.2077824851353114e-11,0.4499999999999995,0.3703376678687089,0.10000000000573672,-4.996003610813204e-16,0.4232430489928101,-0.10000000002989229,-4.996003610813204e-16
4.6000000000000005,0.39826206481900067,-0.0037368348758612113,0.4499999999999995,0.3718615725992319,0.09626316514202735,0.0015679999999995142,0.4232430489928101,-0.10000000002989229,-4.996003610813204e-16
4.61,0.3996793027677216,-0.0072637779134162445,0.4499999999999995,0.3734351995717885,0.09273622210469405,0.0030719999999995196,0.4232430489928101,-0.10000000002989229,-4.996003610813204e-16
4.62,0.4010451624169647,-0.010588519257453272,0.4499999999999995,0.3750610217303913,0.0894114807610256,0.004511999999999516,0.4232430489928101,-0.10000000002989229,-4.996003610813204e-16
4.63,0.4023626218817306,-0.013718308160906398,0.4499999999999995,0.3767409912367821,0.08628169185808646,0.005887999999999505,0.4232430489928101,-0.10000000002989229,-4.996003610813204e-16
4.64,0.40363455374544827,-0.01665996880317594,0.4499999999999995,0.3784765500128707,0.08334003121647426,0.007199999999999485,0.4232430489928101,-0.10000000002989229,-4.996003610813204e-16
4.65,0.40486373132334463,-0.019419915169542404,0.4499999999999995,0.3802686416502719,0.08058008485090593,0.008447999999999511,0.4232430489928101,-0.10000000002989229,-4.996003610813204e-16
4.66,0.4060528347093702,-0.022004165036194623,0.4499999999999995,0.3821177246783143,0.07799583498518944,0.009631999999999474,0.4232430489928101,-0.10000000002989229,-4.996003610813204e-16
4.67,0.4072044566198652,-0.024418353091365377,0.4499999999999995,0.384023787175207,0.07558164693108836,0.010751999999999484,0.4232430489928101,-0.10000000002989229,-4.996003610813204e-16
4.68,0.40832110804670846,-0.02666774322118337,0.4499999999999995,0.38598636270050557,0.07333225680246976,0.011807999999999486,0.4232430489928101,-0.10000000002989229,-4.996003610813204e-16
4.69,0.4094052237322737,-0.028757239987029795,0.4499999999999995,0.388004547520633,0.07124276003794769,0.012799999999999478,0.4232430489928101,-0.10000000002989229,-4.996003610813204e-16
4.7,0.41045916747813277,-0.030691399319424717,0.4499999999999995,0.39007701909302267,0.06930860070699688,0.013727999999999518,0.4232430489928101,-0.10000000002989229,-4.996003610813204e-16
4.71,0.41148523729907865,-0.03247443845176,0.4499999999999995,0.3922020557684573,0.06752556157621975,0.014591999999999494,0.4232430489928101,-0.10000000002989229,-4.996003610813204e-16
4.72,0.41248567043370843,-0.03411024511553834,0.4499999999999995,0.3943775576654296,0.06588975491410747,0.015391999999999517,0.4232430489928101,-0.10000000002989229,-4.996003610813204e-16
4.73,0.41346264822248935,-0.03560238601716785,0.4499999999999995,0.3966010686648396,0.06439761401424533,0.016127999999999476,0.4232430489928101,-0.10000000002989229,-4.996003610813204e-16
4.74,0.4144183008639447,-0.03695411461479453,0.4499999999999995,0.39886979946811507,0.06304588541848039,0.016799999999999482,0.4232430489928101,-0.10000000002989229,-4.996003610813204e-16
4.75,0.4153547120593308,-0.03816837821212972,0.4499999999999995,0.4011806516568961,0.06183162182309393,0.01740799999999948,0.4232430489928101,-0.10000000002989229,-4.996003610813204e-16
4.76,0.4162739235559305,-0.03924782438473943,0.4499999999999995,0.40353024268778687,0.060752175652512265,0.017951999999999524,0.4232430489928101,-0.10000000002989229,-4.996003610813204e-16
4.7700000000000005,0.41717793959887123,-0.04019480675280764,0.4499999999999995,0.4059149317513713,0.0598051932865434,0.018431999999999504,0.4232430489928101,-0.10000000002989229,-4.996003610813204e-16
4.78,0.41806873130117317,-0.041011390112960615,0.4499999999999995,0.4083308464207121,0.05898860992855281,0.018847999999999476,0.4232430489928101,-0.10000000002989229,-4.996003610813204e-16
4.79,0.41894824094155614,-0.04169935494034118,0.4499999999999995,0.41077391001094077,0.05830064510338911,0.019199999999999495,0.4232430489928101,-0.10000000002989229,-4.996003610813204e-16
4.8,0.4198183861993766,-0.04226020127074985,0.4499999999999995,0.41323986956829345,0.057739798775243045,0.019487999999999506,0.4232430489928101,-0.10000000002989229,-4.996003610813204e-16
4.8100000000000005,0.4206810643359282,-0.0426951519713169,0.4499999999999995,0.4157243244040818,0.057304848076975404,0.019711999999999508,0.4232430489928101,-0.10000000002989229,-4.996003610813204e-16
4.82,0.42153815633122277,-0.04300515540683705,0.4499999999999995,0.41822275508660506,0.056994844643782405,0.0198719999999995,0.4232430489928101,-0.10000000002989229,-4.996003610813204e-16
4.83,0.42239153098527166,-0.043190887507580336,0.4499999999999995,0.4207305528019324,0.05680911254538483,0.019967999999999486,0.4232430489928101,-0.10000000002989229,-4.996003610813204e-16
4.84,0.4232430489928101,-0.04325275324308786,0.4499999999999995,0.4232430489928102,0.056747246812232296,0.019999999999999518,0.4232430489928101,-0.10000000002989229,-4.996003610813204e-16
4.8500000000000005,0.4240945670003486,-0.043190887505165726,0.4499999999999995,0.4257555451836879,0.05680911255250942,0.019967999999999486,0.4232430489928101,-0.10000000002989229,-4.996003610813204e-16
4.86,0.4249479416543975,-0.043005155402002525,0.4499999999999995,0.42826334289901524,0.05699484465801833,0.0198719999999995,0.4232430489928101,-0.10000000002989229,-4.996003610813204e-16
4.87,0.425805033649692,-0.042695151964051894,0.4499999999999995,0.4307617735815385,0.05730484809829611,0.019711999999999508,0.4232430489928101,-0.10000000002989229,-4.996003610813204e-16
4.88,0.42666771178624363,-0.04226020126103858,0.4499999999999995,0.43324622841732685,0.05773979880360884,0.019487999999999506,0.4232430489928101,-0.10000000002989229,-4.996003610813204e-16
4.89,0.4275378570440641,-0.041699354928162485,0.4499999999999995,0.43571218797467953,0.05830064513874754,0.019199999999999495,0.4232430489928101,-0.10000000002989229,-4.996003610813204e-16
4.9,0.4284173666844471,-0.04101139009828791,0.4499999999999995,0.4381552515649082,0.05898860997083898,0.018847999999999476,0.4232430489928101,-0.10000000002989229,-4.996003610813204e-16
4.91,0.429308158386749,-0.04019480673560893,0.4499999999999995,0.440571166234249,0.059805193335680344,0.018431999999999504,0.4232430489928101,-0.10000000002989229,-4.996003610813204e-16
4.92,0.43021217442968973,-0.03924782436497719,0.4499999999999995,0.44295585529783343,0.06075217570841143,0.017951999999999524,0.4232430489928101,-0.10000000002989229,-4.996003610813204e-16
4.93,0.4311313859262894,-0.03816837818976088,0.4499999999999995,0.44530544632872415,0.06183162188565578,0.01740799999999948,0.4232430489928101,-0.10000000002989229,-4.996003610813204e-16
4.94,0.43206779712167553,-0.03695411458977034,0.4499999999999995,0.44761629851750523,0.06304588548759506,0.016799999999999482,0.4232430489928101,-0.10000000002989229,-4.996003610813204e-16
4.95,0.4330234497631309,-0.035602385989433674,0.4499999999999995,0.4498850293207807,0.06439761408979346,0.016127999999999476,0.4232430489928101,-0.10000000002989229,-4.996003610813204e-16
4.96,0.43400042755191176,-0.03411024508503374,0.4499999999999995,0.45210854032019065,0.06588975499596077,0.015391999999999462,0.4232430489928101,-0.10000000002989229,-4.996003610813204e-16
4.97,0.43500086068654165,-0.032474438418418586,0.4499999999999995,0.45428404221716306,0.06752556166424198,0.014591999999999494,0.4232430489928101,-0.10000000002989229,-4.996003610813204e-16
4.98,0.4360269305074875,-0.03069139928317363,0.4499999999999995,0.45640907889259763,0.06930860080104509,0.013727999999999463,0.4232430489928101,-0.10000000002989229,-4.996003610813204e-16
4.99,0.4370808742533465,-0.028757239947790086,0.4499999999999995,0.4584815504649873,0.07124276013787274,0.012799999999999478,0.4232430489928101,-0.10000000002989229,-4.996003610813204e-16
5.0,0.4381649899389118,-0.026667743178869496,0.4499999999999995,0.46049973528511473,0.07333225690811769,0.011807999999999486,0.4232430489928101,-0.10000000002989229,-4.996003610813204e-16
